Modelo,Consulta,No. Consulta,Campo,Texto,Similitud,Justificación
sentence_similarity,prueba 1 de 5,1,Titulo,"Laboratorio virtual multimedia para la resoluciÃ³n de ecuaciones
simultÃ¡neas basado en el modelo de componentes de software de
apoyo para profesores y estudiantes de segundo aÃ±o de secundaria.",0.2371594011783599,
sentence_similarity,,1,resumen,"â€  La presente propuesta se enfocarÃ¡ como una herramienta de apoyo para los profesores y estudiantes de segundo aÃ±o de secundaria, que es el nivel en donde se enseÃ±a por primera vez la resoluciÃ³n de ecuaciones simultÃ¡neas de primer grado La propuesta del laboratorio virtual ofrecerÃ¡ simulaciones matemÃ¡ticas multimedia interactivas y gratuitas, permitiendo ofrecer a los estudiantes experiencias mÃ¡s enriquecedoras en la enseÃ±anza de las ecuaciones simultÃ¡neas de primer grado, esto con la finalidad de mostrar las ecuaciones de manera grÃ¡fica e interactivas, apoyÃ¡ndolo en su comprensiÃ³n de la materia, utilizando cÃ³digo abierto",0.271898865699768,
sentence_similarity,,1,objetivos,"General Desarrollar un laboratorio virtual basado en el modelo de componentes, que permita de manera visual resolver ecuaciones simultÃ¡neas de dos variables que cuente con soporte para utilizar contenido multimedia proporcionado por el profesor de apoyo, ademÃ¡s de tener la capacidad de elaborar ejercicios de manera dinÃ¡mica, como una herramienta de apoyo para estudiantes de segundo de secundaria, y profesores.  EspecÃ­ficos Investigar informaciÃ³n sobre tecnologÃ­as web basados en el modelo de componentes.    Desarrollar el mÃ³dulo del Front-end del laboratorio virtual basado en componentes de software.    Desarrollar el mÃ³dulo del Back-end del laboratorio virtual.    Desarrollar el mÃ³dulo de la base de datos.    Implementar la subida de archivos multimedia.    Implementar un mÃ©todo de Login",0.2643300294876098,
sentence_similarity,,1,claves,"Laboratorio virtual, MatemÃ¡ticas, Ecuaciones de primer grado",0.3008424341678619,
sentence_similarity,,1,TOTAL,,1.074230670928955,
sentence_similarity,,2,Titulo,"Prototipo de aplicaciÃ³n mÃ³vil, que implementa realidad aumentada como una herramienta auxiliar en el aprendizaje de las matemÃ¡ticas, usando el aprendizaje basado en problemas como tÃ©cnica didÃ¡ctica",0.2220962941646576,
sentence_similarity,,2,resumen,"El presente documento contiene como propuesta de desarrollo una aplicaciÃ³n mÃ³vil (app) utilizando realidad aumentada (RA) como una herramienta de apoyo en la enseÃ±anza, considerando algunos temas de matemÃ¡ticas que presentan un Ã­ndice de reprobaciÃ³n alto para los jÃ³venes de entre 13 a 16 aÃ±os situados en el nivel bÃ¡sico superior (secundaria) segÃºn la prueba PLANEA [1] usando como metodologÃ­a el aprendizaje basado en problemas (ABP)",0.3620049953460693,
sentence_similarity,,2,objetivos,"Realizar una aplicaciÃ³n mÃ³vil que por medio de la realidad aumentada pueda ser utilizada para el apoyo en la prÃ¡ctica de algunos temas de matemÃ¡ticas de acuerdo a los planes de estudio avalados por la SEP descritos en la tabla  Se propone utilizar un modelo predictivo para analizar los resultados obtenidos de cada usuario, midiendo la mejora de los usuarios de la aplicaciÃ³n mediante la comparaciÃ³n de las calificaciones antes del uso de esta y posterior a ella.  Desarrollar los ejercicios para la aplicaciÃ³n. MÃ³dulo de login. MÃ³dulo de registro. MÃ³dulo de ejercicios. MÃ³dulo de consulta de progreso y resultados. Aplicar la tÃ©cnica pre-test y post-test para generar el banco de datos a analizar.  Usar el modelo de regresiÃ³n lineal para realizar una predicciÃ³n de las mejoras en las calificaciones que pueden tener los usuarios de la herramienta (app).",0.2913151383399963,
sentence_similarity,,2,claves,"Aplicaciones mÃ³viles, realidad aumentada, figuras geomÃ©tricas, teorema de pitÃ¡goras, operaciones con fracciones, modelo predictivo.",0.1973141729831695,
sentence_similarity,,2,TOTAL,,1.0727306604385376,
sentence_similarity,,3,Titulo,AplicaciÃ³n Web pra e seguimiento del aprendizaje en los alumnos de 4Â° de primaria en la asignatura de MatemÃ¡ticas: NÃºmero Decimal,0.282078742980957,
sentence_similarity,,3,resumen,"El presente documento expone el desarrollo de una aplicaciÃ³n web para dar seguimiento del aprendizaje en los alumnos de 4Â° grado de primaria en el tema ""nÃºmeros decimales"", de la asignatura MatemÃ¡ticas, la propuesta busca desarrollar una herramienta que permita crear materiales didÃ¡cticos multimedia interactivos especializados para nÃºmero decimales, que faciliten al profesor la creaciÃ³n de los materiales de apoyo para la enseÃ±anza y el seguimiento de los avances de los alumnos, la herramienta de apoyo registrarÃ¡ los avances de los estudiantes de manera automÃ¡tica, para que el profesor pueda darle seguimiento a los casos que Ã©l considere mÃ¡s adecuados",0.2706128060817718,
sentence_similarity,,3,objetivos,"Desarrollar una herramienta para el seguimiento por parte del profesor, al aprendizaje de los alumnos de cuarto grado de primaria en la asignatura de MatemÃ¡ticas, en el tema de nÃºmeros decimales, mediante la opciÃ³n de integrar materiales multimedia de apoyo.",0.3073870241641998,
sentence_similarity,,3,claves,"AplicaciÃ³n Web, EducaciÃ³n primaria, nÃºmeros decimales.",0.2037096470594406,
sentence_similarity,,3,TOTAL,,1.0637881755828855,
sentence_similarity,,4,Titulo,"1
Sistema de administraciÃ³n y control de calificaciones en lÃ­nea para adultos mayores en 
cursos de capacitaciÃ³n",0.3092935085296631,
sentence_similarity,,4,resumen,"La presente propuesta propone el desarrollo de un sistema de administraciÃ³n y control de calificaciones en lÃ­nea el cual  permitirÃ¡ la carga masiva de calificaciones, alumnos y cursos, generaciÃ³n de reportes y constancias, asÃ­ como la visualizaciÃ³n de  calificaciones",0.2268507778644561,
sentence_similarity,,4,objetivos,"Objetivo General Desarrollar e implementar un sistema de administraciÃ³n y control de calificaciones en lÃ­nea para adultos mayores de cursos en  general Objetivos especÃ­ficos Desarrollar e implementar mÃ³dulos de captura de registros iniciales de alumnos por cursos y reportes con informaciÃ³n especÃ­fica y administraciÃ³n del sistema, con carga masiva y usuarios por nivel de acceso  Desarrollar mÃ³dulos de consulta de calificaciones de los cursos mediante matricula y estadÃ­sticas por demanda  Desarrollar e implementar un mÃ³dulo de impresiÃ³n de constancias y credenciales con cÃ³digo QR para la validaciÃ³n de datos  Desarrollar e implementar modulo de control de acceso para la protecciÃ³n de datos",0.2675557732582092,
sentence_similarity,,4,claves,"Sistema en lÃ­nea, control de calificaciones, generaciÃ³n de reportes, carga masiva de informaciÃ³n 1.",0.2592195272445678,
sentence_similarity,,4,TOTAL,,1.0629196166992188,
sentence_similarity,,5,Titulo,Sistema de realidad aumentada para el apoyo en el aprendizaje de Reglas Gramaticales empleando una AplicaciÃ³n MÃ³vil (ARGO),0.2286545038223266,
sentence_similarity,,5,resumen,Sistema que apoyarÃ¡ el aprendizaje de reglas gramaticales a estudiantes de educaciÃ³n primaria empleando realidad aumentada para facilitar y reforzar el entendimiento de estas mediante ejercicios y juegos interactivos usando una aplicaciÃ³n mÃ³vil,0.2102697193622589,
sentence_similarity,,5,objetivos,"Desarrollo de un sistema de realidad aumentada para facilitar el aprendizaje de reglas gramaticales a estudiantes de quinto grado de primaria, mediante una aplicaciÃ³n, por medio del dispositivo mÃ³vil.",0.3415919542312622,
sentence_similarity,,5,claves,"AplicaciÃ³n mÃ³vil, Realidad aumentada, Reglas gramaticales, E-Learn",0.2490164935588836,
sentence_similarity,,5,TOTAL,,1.0295326709747314,
sentence-transformers 1,prueba 1 de 5,1,Titulo,AnÃ¡lisis de pruebas psicomÃ©tricas certificadas en estudiantes de la Escuela Libre de Derecho para encontrar patrones de deserciÃ³n escolar utilizando tÃ©cnicas de minerÃ­a de datos,0.2982933521270752,
sentence-transformers 1,,1,resumen,"Investigar al resultado de una comparaciÃ³n entre pruebas psicomÃ©tricas aplicadas a aspirantes de la escuela Libre de Derecho, y analizar la relaciÃ³n del patrÃ³n mediante tÃ©cnicas de minerÃ­a de datos buscando quÃ© comportamientos se adaptan al perfil acadÃ©mico, y bajo una desviaciÃ³n estÃ¡ndar definir la confiabilidad de las prueba, eliminando la necesidad de pruebas presenciales",0.3606944382190704,
sentence-transformers 1,,1,objetivos,"Conocer la posibilidad de la eliminaciÃ³n de pruebas psicolÃ³gicas presenciales y agilizar el anÃ¡lisis de las pruebas de la Escuela Libre de Derecho, automatizando el proceso de revisiÃ³n de pruebas psicomÃ©tricas, conociendo la desviaciÃ³n estÃ¡ndar del error en el anÃ¡lisis para perfilar estudiantes.",0.3237969279289245,
sentence-transformers 1,,1,claves,"Prueba psicomÃ©trica, minerÃ­a de datos, deserciÃ³n, Minnesota, Escuela Libre de Derecho.",0.1961601674556732,
sentence-transformers 1,,1,TOTAL,,1.1789448261260986,
sentence-transformers 1,,2,Titulo,"1
Sistema de administraciÃ³n y control de calificaciones en lÃ­nea para adultos mayores en 
cursos de capacitaciÃ³n",0.298997163772583,
sentence-transformers 1,,2,resumen,"La presente propuesta propone el desarrollo de un sistema de administraciÃ³n y control de calificaciones en lÃ­nea el cual  permitirÃ¡ la carga masiva de calificaciones, alumnos y cursos, generaciÃ³n de reportes y constancias, asÃ­ como la visualizaciÃ³n de  calificaciones",0.2623793482780456,
sentence-transformers 1,,2,objetivos,"Objetivo General Desarrollar e implementar un sistema de administraciÃ³n y control de calificaciones en lÃ­nea para adultos mayores de cursos en  general Objetivos especÃ­ficos Desarrollar e implementar mÃ³dulos de captura de registros iniciales de alumnos por cursos y reportes con informaciÃ³n especÃ­fica y administraciÃ³n del sistema, con carga masiva y usuarios por nivel de acceso  Desarrollar mÃ³dulos de consulta de calificaciones de los cursos mediante matricula y estadÃ­sticas por demanda  Desarrollar e implementar un mÃ³dulo de impresiÃ³n de constancias y credenciales con cÃ³digo QR para la validaciÃ³n de datos  Desarrollar e implementar modulo de control de acceso para la protecciÃ³n de datos",0.2851668000221252,
sentence-transformers 1,,2,claves,"Sistema en lÃ­nea, control de calificaciones, generaciÃ³n de reportes, carga masiva de informaciÃ³n 1.",0.3197741210460663,
sentence-transformers 1,,2,TOTAL,,1.1663174629211426,
sentence-transformers 1,,3,Titulo,Sistema de realidad virtual para el refurso de habilidades de coordinaciÃ³n Ã³culo motoras,0.2787027955055237,
sentence-transformers 1,,3,resumen,"Este trabajo tiene como propÃ³sito desarrollar un sistema de realidad virtual que implemente la prueba de Yerkes haciendo uso de un dispositivo Leap Motion para el estudio de su usabilidad utilizando criterios de interacciÃ³n humano-computadora en personas que padezcan deficiencias en sus habilidades Ã³culo-motoras, aportando asÃ­, un beneficio al Ã¡rea de eHealth",0.2740147113800049,
sentence-transformers 1,,3,objetivos,Objetivo general Desarrollar e implementar un sistema haciendo uso de la tecnologÃ­a Leap Motion para medir la usabilidad de la prueba de Yerkes en la asistencia a usuarios que requieran ejercitar sus destrezas Ã³culo-motoras. Objetivos especÃ­ficos Implementar la prueba de yerkes en un ambiente de realidad virtual Definir los gestos acciones y tareas del sistema que se deben de realizar a travÃ©s del Leap Motion Realizar pruebas de usabilidad del sistema en personas con problemas Ã³culo-motoras,0.3636504411697387,
sentence-transformers 1,,3,claves,"eHealth, InteracciÃ³n humano-computadora,prueba de Yerkes, realidad virtual.",0.245298147201538,
sentence-transformers 1,,3,TOTAL,,1.1616661548614502,
sentence-transformers 1,,4,Titulo,Herramienta para generar evaluaciones didÃ¡cticas de cursos bajo el paradigma de EducaciÃ³n basada en web con la creaciÃ³n de evidencias firmadas digitalmente.WT,0.2989733219146728,
sentence-transformers 1,,4,resumen,"En la actualidad existen herramientas para el apoyo en la generaciÃ³n de evaluaciones haciendo uso de las tecnologÃ­as Web innovando la forma en que son evaluados los alumnos y que sirven como apoyo para el docente Lamentablemente no generan ningÃºn tipo de evidencias En este Trabajo Terminal desarrollaremos una herramienta que genere evidencias firmadas digitalmente, haciendo uso de algoritmos criptogrÃ¡ficos para ofrecer integridad y autenticidad",0.3186661601066589,
sentence-transformers 1,,4,objetivos,"Objetivo general Desarrollar una herramienta Web generadora de evaluaciones didÃ¡cticas fiables para el profesor, que permita la creaciÃ³n de evidencias firmadas digitalmente para garantizar la integridad y autenticaciÃ³n de las mismas haciendo uso de algoritmos criptogrÃ¡ficos. Objetivo especÃ­fico DiseÃ±ar y desarrollar la herramienta Web para generar las evaluaciones didÃ¡cticas haciendo uso de bancos de reactivos existentes.  Analizar y seleccionar algoritmos criptogrÃ¡ficos para firma digital. Determinar el tipo de evidencias que se van a generar, asÃ­ como las caracterÃ­sticas que estas tendrÃ¡n. Firmar evidencias digitalmente.",0.2895655035972595,
sentence-transformers 1,,4,claves,"EducaciÃ³n basada En Web, Evaluaciones, Firma digital.",0.2527346909046173,
sentence-transformers 1,,4,TOTAL,,1.1599396467208862,
sentence-transformers 1,,5,Titulo,"Prototipo de aplicaciÃ³n mÃ³vil, que implementa realidad aumentada como una herramienta auxiliar en el aprendizaje de las matemÃ¡ticas, usando el aprendizaje basado en problemas como tÃ©cnica didÃ¡ctica",0.2025443613529205,
sentence-transformers 1,,5,resumen,"El presente documento contiene como propuesta de desarrollo una aplicaciÃ³n mÃ³vil (app) utilizando realidad aumentada (RA) como una herramienta de apoyo en la enseÃ±anza, considerando algunos temas de matemÃ¡ticas que presentan un Ã­ndice de reprobaciÃ³n alto para los jÃ³venes de entre 13 a 16 aÃ±os situados en el nivel bÃ¡sico superior (secundaria) segÃºn la prueba PLANEA [1] usando como metodologÃ­a el aprendizaje basado en problemas (ABP)",0.3738840818405151,
sentence-transformers 1,,5,objetivos,"Realizar una aplicaciÃ³n mÃ³vil que por medio de la realidad aumentada pueda ser utilizada para el apoyo en la prÃ¡ctica de algunos temas de matemÃ¡ticas de acuerdo a los planes de estudio avalados por la SEP descritos en la tabla  Se propone utilizar un modelo predictivo para analizar los resultados obtenidos de cada usuario, midiendo la mejora de los usuarios de la aplicaciÃ³n mediante la comparaciÃ³n de las calificaciones antes del uso de esta y posterior a ella.  Desarrollar los ejercicios para la aplicaciÃ³n. MÃ³dulo de login. MÃ³dulo de registro. MÃ³dulo de ejercicios. MÃ³dulo de consulta de progreso y resultados. Aplicar la tÃ©cnica pre-test y post-test para generar el banco de datos a analizar.  Usar el modelo de regresiÃ³n lineal para realizar una predicciÃ³n de las mejoras en las calificaciones que pueden tener los usuarios de la herramienta (app).",0.2964304089546203,
sentence-transformers 1,,5,claves,"Aplicaciones mÃ³viles, realidad aumentada, figuras geomÃ©tricas, teorema de pitÃ¡goras, operaciones con fracciones, modelo predictivo.",0.2429952621459961,
sentence-transformers 1,,5,TOTAL,,1.115854024887085,
sentence-transformers 2,prueba 1 de 5,1,Titulo,Prototipo generador de guiones de prueba,0.6382601261138916,
sentence-transformers 2,,1,resumen,"Se propone crear una herramienta capaz de generar el documento de guiones de prueba, los cuales sirven para verificar la funcionalidad definida por los casos de uso de un sistema, los que se les crearÃ¡ su propio plan de pruebas para que puedan ser ejecutados de manera automÃ¡tica y periÃ³dica con el fin de obtener estadÃ­sticas de los resultados de las pruebas ejecutadas El terminar y aplicar esta herramienta ayudarÃ¡ a identificar los errores en la etapa de pruebas de una manera mÃ¡s automatizada",0.5678138136863708,
sentence-transformers 2,,1,objetivos,"Objetivo general Continuar con la implementaciÃ³n del sistema PRISMA. Las adiciones que se le realizarÂ´an a dicho sistema consisten en generar los casos de prueba para cada caso de uso en un script para JMeter, la automatizaciÂ´on y creaciÂ´on de reportes de dichos scripts y el documento de guiones de prueba con el fin de minimizar el tiempo y coste de la etapa de pruebas funcionales durante el desarrollo de software. Objetivos especÃ­ficos Los objetivos especÂ´Ä±ficos establecidos para el trabajo son:  Desarrollar un mÂ´odulo capaz de generar un script para la trayectoria principal y alternativa del caso de uso.  Desarrollar un mÂ´odulo capaz de automatizar los scripts generados y crear un reporte de los resultados de los mismos.  Desarrollar un mÂ´odulo capaz de generar la documentaciÂ´on de los guiones de prueba con base en las trayectorias principales y alternativas de los casos de uso.",0.5296081304550171,
sentence-transformers 2,,1,claves,"Calidad de Software, Guion de prueba, IngenierÃ­a de pruebas, IngenierÃ­a de Software",0.5530861020088196,
sentence-transformers 2,,1,TOTAL,,2.2887682914733887,
sentence-transformers 2,,2,Titulo,Prototipo de sistema para calcular la plusvalÃ­a de un inmueble,0.5755112171173096,
sentence-transformers 2,,2,resumen,"Este documento presenta la propuesta de un prototipo enfocado a proporcionar una herramienta que ayude al usuario a conocer y calcular la plusvalÃ­a de un bien inmueble, asÃ­ como proporcionar informaciÃ³n de la zona del inmueble, con el fin de que el usuario escoja una opciÃ³n que se adapte a sus necesidades",0.5748734474182129,
sentence-transformers 2,,2,objetivos,"Objetivo Desarrollar un prototipo que brinde informaciÃ³n al usuario sobre la plusvalÃ­a de determinados  bienes raÃ­ces de manera comparativa, registrados por el usuario, mostrando vialidades y servicios  principales en la zona y asÃ­ ayudar a tomar la mejor decisiÃ³n de compra de un inmueble. Objetivos especÃ­ficos  Implementar un algoritmo para el reconocimiento e identificaciÃ³n de las principales  vialidades y servicios alrededor de una ubicaciÃ³n determinada.  Implementar una aplicaciÃ³n web que permita visualizar la ubicaciÃ³n del inmueble junto con  la plusvalÃ­a calculada.  Implementar una base de datos que permita almacenar y recuperar la informaciÃ³n de las  plusvalÃ­as previamente calculadas, asÃ­ como los posibles factores que permiten realizar el  cÃ¡lculo de dicha plusvalÃ­",0.536004900932312,
sentence-transformers 2,,2,claves,"plusvalÃ­a, inmueble, herramienta de software",0.5646653771400452,
sentence-transformers 2,,2,TOTAL,,2.2510550022125244,
sentence-transformers 2,,3,Titulo,Sistema embebido para el registro de prueba de pases a la pared en baloncesto,0.5849475264549255,
sentence-transformers 2,,3,resumen,"Con la intenciÃ³n de ayudar en la automatizaciÃ³n y control de errores en las pruebas fÃ­sicas y de habilidad realizadas a las jugadoras de la selecciÃ³n femenil de baloncesto del  Instituto PolitÃ©cnico Nacional (IPN), el presente proyecto busca diseÃ±ar e implementar un sistema embebido que permitirÃ¡ el monitoreo y  registro de los resultados obtenidos por cada jugadora en una de las pruebas realizadas por el  IPN en su selectivo, facilitando asÃ­ al entrenador la aplicaciÃ³n de dicha prueba",0.567170262336731,
sentence-transformers 2,,3,objetivos,"Objetivo General Desarrollar un prototipo de sistema embebido que permitirÃ¡ registrar los resultados obtenidos por las  jugadoras al realizar la prueba de pases a la pared, mostrando el total de pases y aciertos logrados con ayuda  de una aplicaciÃ³n de escritorio, conectada inalÃ¡mbricamente al sistema embebido. Objetivos especÃ­ficos Implementar un sistema embebido que permita la interacciÃ³n entre el sensor, el dispositivo  programable y el mÃ³dulo de comunicaciÃ³n.  Configurar y utilizar un mÃ³dulo de comunicaciÃ³n inalÃ¡mbrica para enviar los datos recabados desde el  sistema embebido al ordenador.  DiseÃ±ar y desarrollar una base de datos para almacenar la informaciÃ³n personal y los resultados  obtenidos por las jugadoras.  DiseÃ±ar y desarrollar una aplicaciÃ³n de escritorio capaz de registrar y mostrar la informaciÃ³n personal  de las jugadoras, asÃ­ como los resultados obtenidos en la prueba",0.5401171445846558,
sentence-transformers 2,,3,claves,"Sistema embebido, microcontrolador, programaciÃ³n.",0.5157676935195923,
sentence-transformers 2,,3,TOTAL,,2.20800256729126,
sentence-transformers 2,,4,Titulo,"1 
DanceTracker: AplicaciÃ³n mÃ³vil para planificar actividad fÃ­sica a travÃ©s del 
baile para la quema de calorÃ­as.",0.5848798751831055,
sentence-transformers 2,,4,resumen,"El propÃ³sito de este trabajo es desarrollar una aplicaciÃ³n mÃ³vil que permita administrar y dar seguimiento  a la ingesta de calorÃ­as y el ejercicio realizado a travÃ©s de rutinas de baile La intenciÃ³n es proporcionar a los usuarios  una herramienta que permita monitorear su progreso y ayudarlos a alcanzar sus objetivos fÃ­sicos, asÃ­ como  proporcionar una forma en la que estos puedan aprender estas rutinas a travÃ©s de videos de creaciÃ³n propia y  recuperados de internet La manera en la que lo haremos serÃ¡ haciendo uso de React Native para el desarrollo de una  aplicaciÃ³n mÃ³vil nativa e integrando un dispositivo de seguimiento de actividad fÃ­sica que nos permitirÃ¡ recuperar  datos de los usuarios, para despuÃ©s, de esta forma mostrarlo en una interfaz intuitiva",0.5362516045570374,
sentence-transformers 2,,4,objetivos,"Objetivo general   Desarrollar aplicaciÃ³n mÃ³vil nativa en React Native para administrar y dar seguimiento a la ingesta  de calorÃ­as y al ejercicio realizado con recomendaciones de rutinas de baile, mediante un dispositivo  rastreador de actividad fÃ­sica.  Objetivos particulares   DiseÃ±ar y crear interfaz de usuario, la cual incluirÃ¡ las siguientes pantallas: inicio de  sesiÃ³n/registro, menÃº principal, ingreso de ingesta calÃ³rica, integraciÃ³n de rastreador de ejercicio,  galerÃ­a de rutinas de baile y rutinas favoritas.   Crear e implementar base de datos para almacenar los datos del usuario como elecciones de  alimentos, datos de rastreador de ejercicios e informaciÃ³n de rutina de baile.   Desarrollar e implementar API para la integraciÃ³n del rastreador de ejercicios en la aplicaciÃ³n.   Desarrollar e implementar API endpoints para las rutinas de ingesta calÃ³rica y de rutinas de baile.   Crear calculadora calÃ³rica mediante un algoritmo para que sea responsable de estimar la ingesta  calÃ³rica.   Desarrollar e implementar API endpoints para la creaciÃ³n de una galerÃ­a de rutinas de baile.",0.4995471537113189,
sentence-transformers 2,,4,claves,"AplicaciÃ³n mÃ³vil nativa, aprender, baile, calorÃ­as, dispositivo, rutinas, usuarios..",0.5807278156280518,
sentence-transformers 2,,4,TOTAL,,2.201406478881836,
sentence-transformers 2,,5,Titulo,Prototipo irnpulsor de cohetes de pÃ³lvora operado mediante una aplicaciÃ³n a travÃ©s de un dispositivo mÃ³vil,0.528972864151001,
sentence-transformers 2,,5,resumen,"La utilizaciÃ³n de la pirotecnia en fiestas populares en MÃ©xico, es comÃºn, y en nuestro paÃ­s existe la producciÃ³n, control, venta y transportaciÃ³n de la misma [1] Principalmente en el uso durante fiestas aumenta hasta el 50% de personas que se reportan por quemaduras a causa de la pirotecnia [2], por esto, se decide implementar un prototipo impulsor de cohetes de pÃ³lvora capaz de poder encender dicho proyectil y variar el Ã¡ngulo para alcanzar la altura ingresada por el usuario mediante una aplicaciÃ³n a travÃ©s de un dispositivo mÃ³vil, para contribuir a la disminuciÃ³n de accidentes por la utilizaciÃ³n de la pirotecnia",0.5788289308547974,
sentence-transformers 2,,5,objetivos,Desarrollar un prototipo impulsor de cohetes de pÃ³lvora que pueda ser operado mediante una aplicaciÃ³n a travÃ©s de un dispositivo mÃ³vil variando el Ã¡ngulo para permitir que el proyectil logre el lanzamiento a la altura  proporcionada por el usuario.,0.5353738069534302,
sentence-transformers 2,,5,claves,"Cohete de pÃ³lvora, dispositivo mÃ³vil, impulsor, tiro parabÃ³lico.",0.5487643480300903,
sentence-transformers 2,,5,TOTAL,,2.1919398307800293,
sentence-transformers 3,prueba 1 de 5,1,Titulo,Sistema prototipo de apoyo para el diagnostico y tratamiento de esquizofrenia utilizando ondas cerebrales,0.5234209299087524,
sentence-transformers 3,,1,resumen,"El sistema se comunicarÃ¡ con una diadema de ondas cerebrales (MUSE 2) que permitirÃ¡ medir las diferentes seÃ±ales (de ondas Beta, Gama, Alfa, Delta y Omega) de actividad cerebral, esto con el fin de encontrar patrones que permitan hacer una comparaciÃ³n de una persona esquizofrÃ©nica con una persona mentalmente estable Una de las principales funciones del sistema serÃ¡ contar con una serie de pruebas visuales o ejercicios para el paciente De esta forma dependiendo de sus respuestas y de la mediciÃ³n de las ondas cerebrales se generarÃ¡ un reporte para el mÃ©dico especialista",0.5647062659263611,
sentence-transformers 3,,1,objetivos,"General  Desarrollar un sistema el cual, mediante una serie de pruebas visuales y mediciÃ³n de onda cerebrales, servirÃ¡n como apoyo para el mÃ©dico en la realizaciÃ³n de un posible diagnÃ³stico o ayuda en el proceso de relajaciÃ³n de una persona con esquizofrenia. EspecÃ­ficos Retraimiento: Aislamiento del mundo que le rodea. DepresiÃ³n: Sentimientos de desesperanza, impotencia, tristeza. Desarrollar un sistema de pruebas visuales para la ayuda en el diagnÃ³stico o tratamiento de la esquizofrenia. Monitorear las ondas cerebrales que presenta el usuario durante el uso del sistema. Implementar el uso de una diadema de ondas cerebrales para la detecciÃ³n de posibles mediciones relevantes. Generar un reporte general y especÃ­fico de los resultados obtenidos por el paciente.",0.5253528356552124,
sentence-transformers 3,,1,claves,"Sistema de apoyo visual, esquizofrenia, estadÃ­sticas, psiquiatrÃ­a.",0.4681338369846344,
sentence-transformers 3,,1,TOTAL,,2.081613779067993,
sentence-transformers 3,,2,Titulo,Prototipo de guante para la mediaciÃ³n de signos vitales en personas adulas.,0.4369974732398987,
sentence-transformers 3,,2,resumen,"En este trabajo terminal se propone desarrollar un prototipo de guante que contarÃ¡ con diversos sensores ubicados de manera estratÃ©gica que brindarÃ¡ al usuario la posibilidad de medir distintos signos vitales de pacientes mayores de 18 aÃ±os Para tal efecto, se utilizarÃ¡n tecnologÃ­as como sensores electrÃ³nicos, una tarjeta controladora y una mini pantalla LCD Entre estos se pretende medir la temperatura corporal en grados CÂ° con los que cuente la persona, el ritmo cardÃ­aco en pulsaciones por minuto (BPM) y el nivel de oxÃ­geno en la sangre (SpO2) midiendo la oxigenaciÃ³n en los vasos sanguÃ­neos del dedo",0.5544039011001587,
sentence-transformers 3,,2,objetivos,"Desarrollar un prototipo con forma de guante enfocado a la mediciÃ³n del ritmo cardÃ­aco mostrando los valores en BPM, la temperatura corporal en Â°C y el nivel de oxigenaciÃ³n en la sangre a personas adultas mediante el uso de ciertos dispositivos y sensores electrÃ³nicos interconectados a un microcontrolador. La interpretaciÃ³n de los datos obtenidos se llevarÃ¡ a cabo mediante un programa que tambiÃ©n desplegarÃ¡ los datos en representaciones entendibles para el usuario en una pantalla lcd montada en dicho guante, todo esto para optimizar la toma de los signos vitales. Objetivos especÃ­ficos  Generar cÃ³digo para obtener el valor de temperatura corporal mediante el sensor LM35 o mÃ³dulo de termÃ³metro infrarrojo.  Generar cÃ³digo para obtener el valor de la frecuencia cardiaca mediante un sensor infrarrojo.  Generar cÃ³digo para obtener el valor del nivel de oxÃ­geno de la sangre mediante un sensor infrarrojo.  Realizar pruebas de comparaciÃ³n de los sensores utilizados con herramientas de uso mÃ©dico para comparar la precisiÃ³n y realizar los ajustes necesarios.  Generar cÃ³digo para acoplamiento de todas las funciones sensores en una sola funciÃ³n.  Ensamblar el prototipo y realizaciÃ³n de pruebas",0.5285400748252869,
sentence-transformers 3,,2,claves,"Guante, signos vitales, sensores, microcontrolador.",0.558001697063446,
sentence-transformers 3,,2,TOTAL,,2.077943086624145,
sentence-transformers 3,,3,Titulo,Sistema auxiliar que contribuya a mitigar altos niveles de estrÃ©s en la poblaciÃ³n mexicana mediante la integraciÃ³n de las tÃ©cnicas de EEG y tDCS,0.3857715725898742,
sentence-transformers 3,,3,resumen,"Las  principales  estrategias  de  afrontamiento  para el estrÃ©s tienen dificultades para adaptarse a la poblaciÃ³n  mexicana En este trabajo se presenta un sistema auxiliar para  la mitigaciÃ³n del estrÃ©s que integra las tÃ©cnicas de EEG y tDCS,  consiste en un sistema basado en tres mÃ³dulos, el primero realiza  la lectura de EEG, el segundo el procesamiento de la seÃ±al y la  detecciÃ³n  de  altos  niveles  de  estrÃ©s,  y  el  Ãºltimo  mÃ³dulo  que  consiste  en  la  estimulaciÃ³n  Con  el  sistema  completo  se  realizaron pruebas mostrando un decremento de los niveles de  estrÃ©s  despuÃ©s  de  cada  estimulaciÃ³n  La  integraciÃ³n  de  ambas  tÃ©cnicas muestra resultados alentadores para el tratamiento del  estrÃ©s y la consideraciÃ³n de aumentar el nÃºmero de pruebas es  un punto importante para garantizar dicha tendencia   tDCS consiste en la colocaciÃ³n de un par de electrodos en la  corteza cerebral, los cuales aplican una baja corriente a un Ã¡rea  determinada  con  el  fin  de  estimular  la  actividad  cerebral  Diversos  estudios  apoyados  en  electroencefalogramas  han  demostrado  su  eficacia  en  el  tratamiento  de  diversos  padecimientos relacionados con el cerebro [9], [14]   Con  lo  anterior  se  destaca  la  alternativa  de  integrar  las  tÃ©cnicas  de  EEG  y  tDCS  para  su  uso  domÃ©stico,  teniendo  como  ventajas,  respecto  a  tÃ©cnicas  similares  (estimulaciÃ³n  magnÃ©tica  transcraneal,  imagen  por  resonancia  magnÃ©tica  [15], [16]),  el no requerir un mÃ©dico para  su  aplicaciÃ³n,  ser  mÃ¡s accesibles, no ser invasivas y ser fÃ¡ciles de manejar",0.5480808019638062,
sentence-transformers 3,,3,objetivos,OBJETIVO GENERAL Desarrollar un sistema auxiliar que contribuya a mitigar altos niveles de estrÃ©s en las personas mediante la integraciÃ³n de las tÃ©cnicas de EEG y tDCS. OBJETIVOS PARTICULARES Obtener las ondas cerebrales mediante un electroencefalograma. Procesar e interpretar la informaciÃ³n obtenida para detectar niveles altos de estrÃ©s. Contribuir en la mitigaciÃ³n de altos niveles de estrÃ©s mediante la estimulaciÃ³n transcraneal con corriente directa. Integrar en un sistema los mÃ³dulos previamente descritos.,0.5176624059677124,
sentence-transformers 3,,3,claves,"estrÃ©s, EEG, tDCS.",0.5789538025856018,
sentence-transformers 3,,3,TOTAL,,2.030468463897705,
sentence-transformers 3,,4,Titulo,Sistema embebido para medir la frecuencia cardiaca y temperatura corporal,0.4662276208400726,
sentence-transformers 3,,4,resumen,"Este trabajo terminal consiste en desarrollar un prototipo embebido para monitorear la frecuencia cardiaca y la temperatura, mediante el uso de sensores y dispositivos programables Con el fin de notificar al mÃ©dico sobre el estado de estos signos que el paciente pueda experimentar",0.4956669211387634,
sentence-transformers 3,,4,objetivos,Desarrollar un prototipo mediante sistemas embebidos que permita monitorear y enviar remotamente la frecuencia cardiaca y temperatura corporal de un paciente hacia una aplicaciÃ³n mÃ³vil. Objetivos especÃ­ficos Escoger los sensores mediante una tabla comparativa. Investigar y elegir el algoritmo que se usarÃ¡ para obtener la frecuencia cardiaca. Escoger el dispositivo programable para el procesamiento de datos mediante una tabla comparativa y teniendo en cuenta el algoritmo que se eligiÃ³. Mandar la informaciÃ³n de los signos vitales por medio de Wi-Fi a la aplicaciÃ³n MÃ³vil. Crear aplicaciÃ³n mÃ³vil para mostrar los datos.,0.4825733304023742,
sentence-transformers 3,,4,claves,"Signos vitales, sistema embebido, aplicaciÃ³n mÃ³vil.",0.5520692467689514,
sentence-transformers 3,,4,TOTAL,,1.9965369701385496,
sentence-transformers 3,,5,Titulo,Sistema detector de estres mediante un dispositivo lector de signos vitales,0.4774913787841797,
sentence-transformers 3,,5,resumen,"En el presente trabajo se plantea la implementaciÃ³n de un prototipo de sistema con el cual se medirÃ¡ el nivel de estrÃ©s en los trabajadores de una empresa, complementando el chequeo mÃ©dico de rutina",0.4012341201305389,
sentence-transformers 3,,5,objetivos,"Objetivo General Implementar un prototipo de un dispositivo que mediante sensores, lea signos vitales significativos para determinar mediante una aplicaciÃ³n en un smartphone si el usuario sufre de estrÃ©s. Objetivos especÃ­ficos  Desarrollar un algoritmo que permita detectar el estrÃ©s por medio de los signos vitales.  Implementar un prototipo de dispositivo que incluya los sensores necesarios y el algoritmo anterior para detectar si el usuario sufre de un exceso de estrÃ©s.  Desarrollo de una aplicaciÃ³n de smartphone para la lectura e interpretaciÃ³n de los signos vitales.",0.5252302885055542,
sentence-transformers 3,,5,claves,"Arduino, signos vitales, seÃ±ales, dispositivo mÃ³vil. EstrÃ©s,",0.5869556665420532,
sentence-transformers 3,,5,TOTAL,,1.9909114837646484,
sentence_similarity,prueba 3 de 6,1,Titulo,"Plataforma web de aprendizaje de inglÃ©s para niÃ±os con SÃ­ndrome de
Down y Autismo.",0.461555004119873,
sentence_similarity,,1,resumen,"Este trabajo terminal propone desarrollar una plataforma web que ayudarÃ¡ a los niÃ±os del Centro de atenciÃ³n mÃºltiple #36 con Autismo y SÃ­ndrome de Down a aprender inglÃ©s bÃ¡sico, esto mediante juegos y dinÃ¡micas amigables para el usuario y asÃ­ generar interÃ©s para que pueda aprender con mayor facilidad",0.3010380268096924,
sentence_similarity,,1,objetivos,Desarrollar una plataforma web interactiva e intuitiva para apoyar en el aprendizaje de inglÃ©s bÃ¡sico de niÃ±os con SÃ­ndrome de Down y Autismo mediante el uso de pictogramas que ayudarÃ¡n y atraerÃ¡n la atenciÃ³n de los niÃ±os.  Objetivos especÃ­ficos     Desarrollar estrategias didÃ¡cticas para el aprendizaje del idioma inglÃ©s en niÃ±os con Autismo y SÃ­ndrome de Down. Desarrollar dos mÃ©todos de aprendizaje para nuestros perfiles (Personas con Autismo y SÃ­ndrome de Down). Generar pruebas piloto en el Centro de atenciÃ³n mÃºltiple # con el apoyo de la instituciÃ³n.,0.2998785376548767,
sentence_similarity,,1,claves,"Autismo, SÃ­ndrome de Down, inglÃ©s, plataforma web.",0.2974627614021301,
sentence_similarity,,1,TOTAL,,1.3599343299865725,
sentence_similarity,,2,Titulo,"Laboratorio virtual multimedia para la resoluciÃ³n de ecuaciones
simultÃ¡neas basado en el modelo de componentes de software de
apoyo para profesores y estudiantes de segundo aÃ±o de secundaria.",0.3070899844169616,
sentence_similarity,,2,resumen,"â€  La presente propuesta se enfocarÃ¡ como una herramienta de apoyo para los profesores y estudiantes de segundo aÃ±o de secundaria, que es el nivel en donde se enseÃ±a por primera vez la resoluciÃ³n de ecuaciones simultÃ¡neas de primer grado La propuesta del laboratorio virtual ofrecerÃ¡ simulaciones matemÃ¡ticas multimedia interactivas y gratuitas, permitiendo ofrecer a los estudiantes experiencias mÃ¡s enriquecedoras en la enseÃ±anza de las ecuaciones simultÃ¡neas de primer grado, esto con la finalidad de mostrar las ecuaciones de manera grÃ¡fica e interactivas, apoyÃ¡ndolo en su comprensiÃ³n de la materia, utilizando cÃ³digo abierto",0.3133005499839782,
sentence_similarity,,2,objetivos,"General Desarrollar un laboratorio virtual basado en el modelo de componentes, que permita de manera visual resolver ecuaciones simultÃ¡neas de dos variables que cuente con soporte para utilizar contenido multimedia proporcionado por el profesor de apoyo, ademÃ¡s de tener la capacidad de elaborar ejercicios de manera dinÃ¡mica, como una herramienta de apoyo para estudiantes de segundo de secundaria, y profesores.  EspecÃ­ficos Investigar informaciÃ³n sobre tecnologÃ­as web basados en el modelo de componentes.    Desarrollar el mÃ³dulo del Front-end del laboratorio virtual basado en componentes de software.    Desarrollar el mÃ³dulo del Back-end del laboratorio virtual.    Desarrollar el mÃ³dulo de la base de datos.    Implementar la subida de archivos multimedia.    Implementar un mÃ©todo de Login",0.3075880110263824,
sentence_similarity,,2,claves,"Laboratorio virtual, MatemÃ¡ticas, Ecuaciones de primer grado",0.4023489356040954,
sentence_similarity,,2,TOTAL,,1.3303275108337402,
sentence_similarity,,3,Titulo,"SISTEMA DE APOYO PARA LA REGULARIZACIÃ“N PERSONALIZADA
DE NIÃ‘OS DE SEXTO DE PRIMARIA EN EL TEMA DE RAZÃ“N Y
PROPORCIÃ“N",0.2682322263717651,
sentence_similarity,,3,resumen,"El trabajo acadÃ©mico realizado durante la etapa de confinamiento, en su gran mayorÃ­a fue mediante el programa Aprende en Casa, lo que implicÃ³ que no todos los estudiantes obtuvieran el mismo nivel de conocimientos, debido a las particularidades de cada uno o a la complejidad de la materia En este trabajo terminal se aborda la problemÃ¡tica referida a la necesidad de regularizar a los estudiantes de sexto grado de EducaciÃ³n Primaria en los temas de razÃ³n y proporciÃ³n, para esto se propone desarrollar un sistema que ayude al alumno en su proceso mediante un mÃ©todo de la educaciÃ³n personalizada, con uso de aprendizaje adaptativo",0.3453630805015564,
sentence_similarity,,3,objetivos,"Desarrollar un sistema para guiar al estudiante de sexto grado de primaria en el estudio de los conceptos de razÃ³n y proporciÃ³n con el enfoque de educaciÃ³n personalizada, implementando aprendizaje adaptativo. Seleccionar las lecciones del libro de matemÃ¡ticas de sexto grado de primaria de la SEP que aborden los temas sobre razÃ³n y proporciÃ³n.  Construir un cuestionario para definir los perfiles del estudiante en nivel bÃ¡sico, intermedio y avanzado.  Desarrollar un mÃ³dulo para determinar el perfil del estudiante con base en las lecciones seleccionadas en el primer objetivo y el cuestionario diseÃ±ado para tal fin.  Desarrollar un modelo que permita asignar contenidos y actividades acorde a los perfiles establecidos.  Desarrollar un mÃ³dulo de evaluaciÃ³n que permita determinar el avance del estudiante (a travÃ©s de asignarle cuestionarios).",0.3384897410869598,
sentence_similarity,,3,claves,"Aprendizaje Adaptativo, EducaciÃ³n BÃ¡sica, ProporciÃ³n.",0.3480113446712494,
sentence_similarity,,3,TOTAL,,1.3000963926315308,
sentence_similarity,,4,Titulo,AplicaciÃ³n mÃ³vil para la estandarizaciÃ³n de conocimientos fundamentales en temas selectos de CÃ¡lculo y ProgramaciÃ³n en alumnos de nuevo ingreso en la carrera de ingenierÃ­a en sistemas,0.3483308851718902,
sentence_similarity,,4,resumen,"En este trabajo terminal se quiere resolver la problemÃ¡tica acadÃ©mica de alumnos que llegan sin tanto conocimiento en las unidades de aprendizaje de cÃ¡lculo y programaciÃ³n diseÃ±ando y desarrollando una plataforma mÃ³vil donde se expliquen temas selectos de estas unidades con lecturas, ejercicios didÃ¡cticos y exÃ¡menes",0.3945411443710327,
sentence_similarity,,4,objetivos,Desarrollar una aplicaciÃ³n que ayude a los alumnos de nuevo ingreso de la carrera de ingenierÃ­a en sistemas a obtener el nivel de conocimiento suficiente o necesario para cursar las unidades de aprendizaje CÃ¡lculo y ProgramaciÃ³n reforzando temas selectos para prevenir posibles problemas acadÃ©micos.,0.4004090130329132,
sentence_similarity,,4,claves,"AplicaciÃ³n, EducaciÃ³n, Reforzamiento, CÃ¡lculo, ProgramaciÃ³n.",0.145099475979805,
sentence_similarity,,4,TOTAL,,1.28838050365448,
sentence_similarity,,5,Titulo,Sistema de gestiÃ³n de admisiÃ³n escolar,0.297157347202301,
sentence_similarity,,5,resumen,"El Sistema de AdmisiÃ³n Escolar es un sistema centralizado de postulaciÃ³n que se realiza a travÃ©s de una sistema web en donde los aspirantes se postulan a la instituciÃ³n de su elecciÃ³n En este trabajo se describen diversos procesos de admisiÃ³n escolar superior, en donde las actividades que se llevan a cabo dentro de este proceso varÃ­an su orden dependiendo las necesidades de cada instituciÃ³n, las cuales pueden ser publicaciÃ³n de convocatoria, registro de aspirantes, aplicaciÃ³n de examen y publicaciÃ³n de resultados Los sistemas para la atenciÃ³n especializada de estos procesos son caros y no permiten variar las secuencias de actividades Por lo que se propone desarrollar un sistema que asista al proceso de admisiÃ³n escolar de nivel superior, que soporte las etapas antes mencionadas pero, que permita variar el orden de Ã©stas conforme a las necesidades de la instituciÃ³n, asÃ­ como un mÃ³dulo que permita evaluar a los aspirantes AdemÃ¡s se pretende cuidar aspectos de seguridad de los datos",0.3211531341075897,
sentence_similarity,,5,objetivos,Desarrollar un sistema de admisiÃ³n escolar en el cual se pueda evaluar a los aspirantes y gestionar su documentaciÃ³n a fin de automatizar el proceso de ingreso a una instituciÃ³n de nivel superior. Objetivos EspecÃ­ficos Desarrollar una estrategia que permita configurar el orden de mÃ³dulos para el sistema Desarrollar el mÃ³dulo de registro. Desarrollar el mÃ³dulo de convocatorias. Desarrollar el mÃ³dulo de recepciÃ³n de documentos. Desarrollar el mÃ³dulo de pagos. Desarrollar el mÃ³dulo de evaluaciÃ³n. Desarrollar el mÃ³dulo de publicaciÃ³n de resultados. Integrar los mÃ³dulos desarrollados Probar el funcionamiento integrado.,0.3378524780273437,
sentence_similarity,,5,claves,"Proceso de AdmisiÃ³n Escolar, InstituciÃ³n de educaciÃ³n superior, Sistema Web, SCRUM.",0.3143107295036316,
sentence_similarity,,5,TOTAL,,1.2704737186431885,
sentence-transformers 1,prueba 3 de 6,1,Titulo,"SISTEMA DE APOYO PARA LA REGULARIZACIÃ“N PERSONALIZADA
DE NIÃ‘OS DE SEXTO DE PRIMARIA EN EL TEMA DE RAZÃ“N Y
PROPORCIÃ“N",0.3139362633228302,
sentence-transformers 1,,1,resumen,"El trabajo acadÃ©mico realizado durante la etapa de confinamiento, en su gran mayorÃ­a fue mediante el programa Aprende en Casa, lo que implicÃ³ que no todos los estudiantes obtuvieran el mismo nivel de conocimientos, debido a las particularidades de cada uno o a la complejidad de la materia En este trabajo terminal se aborda la problemÃ¡tica referida a la necesidad de regularizar a los estudiantes de sexto grado de EducaciÃ³n Primaria en los temas de razÃ³n y proporciÃ³n, para esto se propone desarrollar un sistema que ayude al alumno en su proceso mediante un mÃ©todo de la educaciÃ³n personalizada, con uso de aprendizaje adaptativo",0.3265627920627594,
sentence-transformers 1,,1,objetivos,"Desarrollar un sistema para guiar al estudiante de sexto grado de primaria en el estudio de los conceptos de razÃ³n y proporciÃ³n con el enfoque de educaciÃ³n personalizada, implementando aprendizaje adaptativo. Seleccionar las lecciones del libro de matemÃ¡ticas de sexto grado de primaria de la SEP que aborden los temas sobre razÃ³n y proporciÃ³n.  Construir un cuestionario para definir los perfiles del estudiante en nivel bÃ¡sico, intermedio y avanzado.  Desarrollar un mÃ³dulo para determinar el perfil del estudiante con base en las lecciones seleccionadas en el primer objetivo y el cuestionario diseÃ±ado para tal fin.  Desarrollar un modelo que permita asignar contenidos y actividades acorde a los perfiles establecidos.  Desarrollar un mÃ³dulo de evaluaciÃ³n que permita determinar el avance del estudiante (a travÃ©s de asignarle cuestionarios).",0.4018228054046631,
sentence-transformers 1,,1,claves,"Aprendizaje Adaptativo, EducaciÃ³n BÃ¡sica, ProporciÃ³n.",0.3770117163658142,
sentence-transformers 1,,1,TOTAL,,1.4193336963653564,
sentence-transformers 1,,2,Titulo,"PROTOTIPO DE UN SISTEMA DE APOYO PARA LA ELECCIÃ“N DE
UNA LICENCIATURA DE LA OFERTA EDUCATIVA DEL IPN DEL
NIVEL SUPERIOR",0.2767720818519592,
sentence-transformers 1,,2,resumen,"Una de las decisiones mÃ¡s importantes de la vida de los jÃ³venes es elegir una carrera profesional adecuada para ellos Sin embargo, hacer una elecciÃ³n entre todas las carreras existentes es complicado para los estudiantes de educaciÃ³n media superior El presente trabajo propone desarrollar un sistema de orientaciÃ³n vocacional implementando test psicolÃ³gicos de intereses y aptitudes, para permitir a los estudiantes evaluar sus fortalezas y debilidades, apoyÃ¡ndolos asÃ­ en la elecciÃ³n de su carrera profesional Nuestro prototipo de sistema utilizarÃ¡ mÃ©todos de clasificaciÃ³n y estarÃ¡ enfocado en el modelo SAAS (Software como servicio) lo que, hasta donde investigamos, a diferencia de otros sistemas, permitirÃ¡ al usuario llevar un seguimiento de sus resultados, donde serÃ¡n desplegadas las Ã¡reas en las que se divide la oferta educativa del Instituto PolitÃ©cnico Nacional (IPN), a las cuales se adecua el perfil del estudiante, mediante porcentajes en grÃ¡ficos, asÃ­ como informaciÃ³n general y laboral de cada una de ellas",0.3026604056358337,
sentence-transformers 1,,2,objetivos,"Objetivo General DiseÃ±ar e implementar un prototipo de sistema que permita orientar a jÃ³venes entre los 15 y 18 aÃ±os, mediante test y  herramientas de orientaciÃ³n vocacional, sobre las opciones de las licenciaturas ofrecidas por el IPN, que mÃ¡s se  adecuen al Ã¡rea o Ã¡reas de conocimiento de su interÃ©s. Objetivos Particulares  Clasificar los perfiles de ingreso de las mÃºltiples Ã¡reas de conocimiento.  Describir el perfil psicolÃ³gico de los jÃ³venes entre 15 y 18 aÃ±os.  Elegir las herramientas y test que se han de implementar al prototipo del sistema.  DiseÃ±ar la interfaz del prototipo del sistema a implementar.  Efectuar pruebas en grupos reducido para la comprobaciÃ³n de los datos.",0.3682152032852173,
sentence-transformers 1,,2,claves,"OrientaciÃ³n vocacional, Test psicolÃ³gicos, Oferta educativa del IPN, ElecciÃ³n de carrera.",0.416248470544815,
sentence-transformers 1,,2,TOTAL,,1.363896131515503,
sentence-transformers 1,,3,Titulo,AplicaciÃ³n Web pra e seguimiento del aprendizaje en los alumnos de 4Â° de primaria en la asignatura de MatemÃ¡ticas: NÃºmero Decimal,0.3565454483032226,
sentence-transformers 1,,3,resumen,"El presente documento expone el desarrollo de una aplicaciÃ³n web para dar seguimiento del aprendizaje en los alumnos de 4Â° grado de primaria en el tema ""nÃºmeros decimales"", de la asignatura MatemÃ¡ticas, la propuesta busca desarrollar una herramienta que permita crear materiales didÃ¡cticos multimedia interactivos especializados para nÃºmero decimales, que faciliten al profesor la creaciÃ³n de los materiales de apoyo para la enseÃ±anza y el seguimiento de los avances de los alumnos, la herramienta de apoyo registrarÃ¡ los avances de los estudiantes de manera automÃ¡tica, para que el profesor pueda darle seguimiento a los casos que Ã©l considere mÃ¡s adecuados",0.2845459580421448,
sentence-transformers 1,,3,objetivos,"Desarrollar una herramienta para el seguimiento por parte del profesor, al aprendizaje de los alumnos de cuarto grado de primaria en la asignatura de MatemÃ¡ticas, en el tema de nÃºmeros decimales, mediante la opciÃ³n de integrar materiales multimedia de apoyo.",0.3534650206565857,
sentence-transformers 1,,3,claves,"AplicaciÃ³n Web, EducaciÃ³n primaria, nÃºmeros decimales.",0.3093862533569336,
sentence-transformers 1,,3,TOTAL,,1.3039426803588867,
sentence-transformers 1,,4,Titulo,Prototipo de aplicaciÃ³n web para el aprendizaje y reafirmaciÃ³n de conocimientos en programaciÃ³n,0.2273484170436859,
sentence-transformers 1,,4,resumen,"Este trabajo terminal propone hacer uso de las tÃ©cnicas pedagÃ³gicas que propone el IPN para la educaciÃ³n 40, con un prototipo de aplicaciÃ³n web que brinde un apoyo a estudiantes de nuevo ingreso en la ESCOM que no cuenten con los conocimientos necesarios para afrontar la unidad de aprendizaje Fundamentos de programaciÃ³n, tomando como base al programa de estudios de la carrera IngenierÃ­a en Sistemas Computacionales (2020), de igual forma, la reafirmaciÃ³n de dichos conocimientos para los alumnos que asÃ­ lo deseen",0.3109192550182342,
sentence-transformers 1,,4,objetivos,"General Desarrollar un prototipo de aplicaciÃ³n web que permita a los alumnos de nuevo ingreso en la ESCOM a obtener los conocimientos en programaciÃ³n necesarios para la unidad de aprendizaje Fundamentos de programaciÃ³n, tomando como base al programa de estudios de la carrera IngenierÃ­a en Sistemas Computacionales (. EspecÃ­ficos Ayudar a los alumnos de nuevo ingreso en la ESCOM que carecen de conocimientos previos en el lenguaje de programaciÃ³n . Adaptar las tÃ©cnicas pedagÃ³gicas que propone el IPN en el Modelo Educativo para la tecnologÃ­a  Implementar un aprendizaje basado en ejercicios fÃ¡ciles e intuitivos que permitan adquirir los conocimientos que un alumno necesita para dar respuesta a los problemas planteados en la materia, brindando una retroalimentaciÃ³n en la resoluciÃ³n de ejercicios.",0.347486138343811,
sentence-transformers 1,,4,claves,"aprendizaje a distancia, EducaciÃ³n 4., Fundamentos de programaciÃ³n, IPN.",0.405828982591629,
sentence-transformers 1,,4,TOTAL,,1.2915828227996826,
sentence-transformers 1,,5,Titulo,Prototipo de aplicaciÃ³n mÃ³vil para el apoyo de la realizaciÃ³n del examen de colocaciÃ³n del idioma inglÃ©s en CELEX ESCOM,0.3208003342151642,
sentence-transformers 1,,5,resumen,"En este documento se presenta la propuesta para el desarrollo de un prototipo de una aplicaciÃ³n mÃ³vil que apoye la realizaciÃ³n del examen de colocaciÃ³n del idioma inglÃ©s de los Cursos Extracurriculares de Lengua Extranjera (CELEX) de la Escuela Superior de CÃ³mputo (ESCOM) del Instituto PolitÃ©cnico Nacional (IPN), logrando asÃ­ una mayor agilizaciÃ³n del proceso de evaluaciÃ³n del idioma, asÃ­ como la preasignaciÃ³n de un lugar en cualquiera de los niveles disponibles",0.3587975203990936,
sentence-transformers 1,,5,objetivos,"General Desarrollar el prototipo de una aplicaciÃ³n mÃ³vil que apoye la realizaciÃ³n del examen de colocaciÃ³n del idioma inglÃ©s como parte de los servicios que ofrece CELEX ESCOM.  Objetivos EspecÃ­ficos Desarrollar una aplicaciÃ³n mÃ³vil para facilitar el registro y la realizaciÃ³n del examen de colocaciÃ³n del idioma inglÃ©s. Desarrollar un mÃ³dulo para evaluar tres de las cuatro habilidades del idioma inglÃ©s: Listening, Reading y Writing; incluyendo tambiÃ©n la habilidad de Grammar. Desarrollar un mÃ³dulo donde se podrÃ¡ pre-evaluar la habilidad del Speaking, generando un archivo de audio, el cual contendrÃ¡ las respuestas del alumno, generando a su vez una transcripciÃ³n del audio. Desarrollar un sitio web para el Ã¡rea administrativa del CELEX, donde se mostrarÃ¡n los registros de cada uno de los alumnos que han realizado el examen de colocaciÃ³n incluyendo fechas y resultados obtenidos previamente en caso de que existan y revisar los resultados de los exÃ¡menes. El administrador tambiÃ©n serÃ¡ capaz de crear, modificar y eliminar alumnos y profesores de acuerdo con las necesidades que se presenten; asÃ­ como asignar fechas para la realizaciÃ³n del examen y consulta de resultados. Desarrollar el mÃ³dulo de profesor, el cual le permitirÃ¡ evaluar el speaking y en caso de ser necesario agendar una cita para una segunda revisiÃ³n. Desarrollar los mÃ©todos adecuados para restringir el acceso, tiempo y estadÃ­a en el examen.",0.3503117263317108,
sentence-transformers 1,,5,claves,"AplicaciÃ³n mÃ³vil, bases de datos, inglÃ©s, recurso educativo digital.",0.2597822844982147,
sentence-transformers 1,,5,TOTAL,,1.289691925048828,
sentence-transformers 2,prueba 3 de 6,1,Titulo,AplicaciÃ³n mÃ³vil para la visualizaciÃ³n de grÃ¡ficas 3D con realidad aumentada.,0.624011754989624,
sentence-transformers 2,,1,resumen,"Se desea realizar una aplicaciÃ³n mÃ³vil como herramienta de apoyo para la visualizaciÃ³n de grÃ¡ficas en tres dimensiones utilizando los 3 ejes coordenados(x, y, z) en apoyo al aprendizaje con la adiciÃ³n de realidad aumentada, de esta forma apoyar a profesores y alumnos en la visualizaciÃ³n y comportamiento de dichas grÃ¡ficas, asÃ­ como sus cambios respecto a los parÃ¡metros que se desee modificar, con diferentes vistas de visualizaciÃ³n para el apoyo al estudiante en su aprendizaje, la herramienta podrÃ¡ guardar y compartir graficas",0.5849893093109131,
sentence-transformers 2,,1,objetivos,Objetivo general Se desea realizar una aplicaciÃ³n mÃ³vil que sirva como herramienta de apoyo tanto a estudiantes como a profesores al momento de requerir visualizar grÃ¡ficas en 3D ayudÃ¡ndonos con la realidad aumentada.,0.5538260340690613,
sentence-transformers 2,,1,claves,"aplicaciÃ³n mÃ³vil, dispositivo mÃ³vil, generaciÃ³n de grÃ¡ficos por computadora, realidad aumentada.",0.5705782175064087,
sentence-transformers 2,,1,TOTAL,,2.3334054946899414,
sentence-transformers 2,,2,Titulo,AplicaciÃ³n mÃ³vil para la animaciÃ³n 3D de un cohete.,0.6360515356063843,
sentence-transformers 2,,2,resumen,"Se construirÃ¡ una aplicaciÃ³n mÃ³vil para Android correspondiente al movimiento de un cohete en tres dimensiones, mediante la creaciÃ³n de un ambiente virtual interactivo y la modelaciÃ³n numÃ©rica del mÃ©todo de Runge-Kutta de cuarto orden, aplicado a la soluciÃ³n de un sistema de ecuaciones diferenciales acopladas, que definen las ecuaciones de movimiento correspondientes El movimiento del cohete describirÃ¡ trayectorias de corto y largo alcance, por lo que habrÃ¡ de considerar efectos gravitacionales y fuerzas de Coriolis",0.5752543210983276,
sentence-transformers 2,,2,objetivos,"Realizar una aplicaciÃ³n mÃ³vil que simule el movimiento tridimensional de un cohete, con un medio virtual interactivo, que permita modificar los parÃ¡metros de entrada y estimule la imaginaciÃ³n 3D de los usuarios, ademÃ¡s de estudiar la aplicaciÃ³n de la tercera ley de Newton, la conservaciÃ³n del momento lineal en la simulaciÃ³n del desplazamiento del cohete, los efectos de la rotaciÃ³n de la Tierra y de la gravedad en trayectorias de largo alcance.",0.5649083852767944,
sentence-transformers 2,,2,claves,"AnimaciÃ³n, AplicaciÃ³n mÃ³vil, Cohete, MÃ©todo de Runge-Kutta.",0.5555738210678101,
sentence-transformers 2,,2,TOTAL,,2.3317880630493164,
sentence-transformers 2,,3,Titulo,Prototipo generador de guiones de prueba,0.6248287558555603,
sentence-transformers 2,,3,resumen,"Se propone crear una herramienta capaz de generar el documento de guiones de prueba, los cuales sirven para verificar la funcionalidad definida por los casos de uso de un sistema, los que se les crearÃ¡ su propio plan de pruebas para que puedan ser ejecutados de manera automÃ¡tica y periÃ³dica con el fin de obtener estadÃ­sticas de los resultados de las pruebas ejecutadas El terminar y aplicar esta herramienta ayudarÃ¡ a identificar los errores en la etapa de pruebas de una manera mÃ¡s automatizada",0.5719600319862366,
sentence-transformers 2,,3,objetivos,"Objetivo general Continuar con la implementaciÃ³n del sistema PRISMA. Las adiciones que se le realizarÂ´an a dicho sistema consisten en generar los casos de prueba para cada caso de uso en un script para JMeter, la automatizaciÂ´on y creaciÂ´on de reportes de dichos scripts y el documento de guiones de prueba con el fin de minimizar el tiempo y coste de la etapa de pruebas funcionales durante el desarrollo de software. Objetivos especÃ­ficos Los objetivos especÂ´Ä±ficos establecidos para el trabajo son:  Desarrollar un mÂ´odulo capaz de generar un script para la trayectoria principal y alternativa del caso de uso.  Desarrollar un mÂ´odulo capaz de automatizar los scripts generados y crear un reporte de los resultados de los mismos.  Desarrollar un mÂ´odulo capaz de generar la documentaciÂ´on de los guiones de prueba con base en las trayectorias principales y alternativas de los casos de uso.",0.5319628119468689,
sentence-transformers 2,,3,claves,"Calidad de Software, Guion de prueba, IngenierÃ­a de pruebas, IngenierÃ­a de Software",0.5767031311988831,
sentence-transformers 2,,3,TOTAL,,2.305454730987549,
sentence-transformers 2,,4,Titulo,Prototipo de Sistema de ReconstrucciÃ³n Tridimensional de un Espacio Cerrado,0.5893210172653198,
sentence-transformers 2,,4,resumen,"El riesgo potencial que se tiene en la exploraciÃ³n de espacios cerrados ha orillado a la creaciÃ³n de diversas soluciones que proporcionen una recreaciÃ³n en tercera dimensiÃ³n de dicho espacio, con el objetivo de facilitar las labores de exploraciÃ³n Las tÃ©cnicas ya existentes son de un uso muy especializado, ademÃ¡s de requerir bastante tiempo en la instalaciÃ³n de los dispositivos de sensado[1] El presente prototipo pretende ofrecer una soluciÃ³n, que a partir de la obtenciÃ³n de datos usando un vehÃ­culo no tripulado, se recree el modelo 3D[2], atacando los problemas de escaneo de superficies, almacenamiento de datos, y procesamiento de la informaciÃ³n que este tipo de soluciÃ³n implica",0.579714834690094,
sentence-transformers 2,,4,objetivos,"Desarrollar un prototipo capaz de detectar los datos recabados de superficies dentro de un espacio cerrado, asÃ­ como tambiÃ©n desarrollar el procesamiento de la informaciÃ³n obtenida con el fin de poder reconstruir una rÃ©plica tridimensional utilizable para un posterior anÃ¡lisis.",0.543890118598938,
sentence-transformers 2,,4,claves,"Modelado 3D, GeometrÃ­a Computacional, GraficaciÃ³n.",0.581108808517456,
sentence-transformers 2,,4,TOTAL,,2.294034957885742,
sentence-transformers 2,,5,Titulo,"AplicaciÃ³n MÃ³vil Orientada A NiÃ±os De 6 a 12 AÃ±os Para Fomentar el
Ahorro",0.6443979740142822,
sentence-transformers 2,,5,resumen,"La falta de educaciÃ³n sobre el ahorro mantiene vulnerables a los mexicanos ante las contingencias econÃ³micas que se enfrentan en la vida adulta, como el endeudamiento y la carencia de un fondo para el retiro Expertos seÃ±alan que la clave para tener una sociedad mÃ¡s consciente sobre el manejo del dinero es involucrar a los niÃ±os en la cultura del ahorro [10] Este proyecto plantea crear una aplicaciÃ³n mÃ³vil que enseÃ±e a los niÃ±os de 6 a 12 aÃ±os, cÃ³mo y por quÃ© es importante ahorrar para su presente y futuro, haciendo uso de mecanismos propios â€‹de la gamificaciÃ³n",0.5489667654037476,
sentence-transformers 2,,5,objetivos,"Objetivo Desarrollar una aplicaciÃ³n mÃ³vil en Android orientada a niÃ±os de 6 a 12 aÃ±os para enseÃ±arles que es el ahorro, como ahorrar y la importancia de hacerlo a edad temprana. Objetivos especÃ­ficos  Implementar la gamificaciÃ³n como dinÃ¡mica principal dentro de la app.  DiseÃ±ar una interfaz de usuario amigable, intuitiva y dinÃ¡mica.  Implementar un mÃ³dulo para que el usuario se registre.  DiseÃ±ar una base de datos para almacenar las cuentas de usuario.  Implementar un mÃ³dulo de seguimiento del progreso del usuario.",0.5336358547210693,
sentence-transformers 2,,5,claves,"AplicaciÃ³n MÃ³vil, Cultura del Ahorro, Finanzas Personales, GamificaciÃ³n, NiÃ±os.",0.5449038147926331,
sentence-transformers 2,,5,TOTAL,,2.271904468536377,
sentence-transformers 3,prueba 3 de 6,1,Titulo,Sistema auxiliar que contribuya a mitigar altos niveles de estrÃ©s en la poblaciÃ³n mexicana mediante la integraciÃ³n de las tÃ©cnicas de EEG y tDCS,0.3713497519493103,
sentence-transformers 3,,1,resumen,"Las  principales  estrategias  de  afrontamiento  para el estrÃ©s tienen dificultades para adaptarse a la poblaciÃ³n  mexicana En este trabajo se presenta un sistema auxiliar para  la mitigaciÃ³n del estrÃ©s que integra las tÃ©cnicas de EEG y tDCS,  consiste en un sistema basado en tres mÃ³dulos, el primero realiza  la lectura de EEG, el segundo el procesamiento de la seÃ±al y la  detecciÃ³n  de  altos  niveles  de  estrÃ©s,  y  el  Ãºltimo  mÃ³dulo  que  consiste  en  la  estimulaciÃ³n  Con  el  sistema  completo  se  realizaron pruebas mostrando un decremento de los niveles de  estrÃ©s  despuÃ©s  de  cada  estimulaciÃ³n  La  integraciÃ³n  de  ambas  tÃ©cnicas muestra resultados alentadores para el tratamiento del  estrÃ©s y la consideraciÃ³n de aumentar el nÃºmero de pruebas es  un punto importante para garantizar dicha tendencia   tDCS consiste en la colocaciÃ³n de un par de electrodos en la  corteza cerebral, los cuales aplican una baja corriente a un Ã¡rea  determinada  con  el  fin  de  estimular  la  actividad  cerebral  Diversos  estudios  apoyados  en  electroencefalogramas  han  demostrado  su  eficacia  en  el  tratamiento  de  diversos  padecimientos relacionados con el cerebro [9], [14]   Con  lo  anterior  se  destaca  la  alternativa  de  integrar  las  tÃ©cnicas  de  EEG  y  tDCS  para  su  uso  domÃ©stico,  teniendo  como  ventajas,  respecto  a  tÃ©cnicas  similares  (estimulaciÃ³n  magnÃ©tica  transcraneal,  imagen  por  resonancia  magnÃ©tica  [15], [16]),  el no requerir un mÃ©dico para  su  aplicaciÃ³n,  ser  mÃ¡s accesibles, no ser invasivas y ser fÃ¡ciles de manejar",0.5180821418762207,
sentence-transformers 3,,1,objetivos,OBJETIVO GENERAL Desarrollar un sistema auxiliar que contribuya a mitigar altos niveles de estrÃ©s en las personas mediante la integraciÃ³n de las tÃ©cnicas de EEG y tDCS. OBJETIVOS PARTICULARES Obtener las ondas cerebrales mediante un electroencefalograma. Procesar e interpretar la informaciÃ³n obtenida para detectar niveles altos de estrÃ©s. Contribuir en la mitigaciÃ³n de altos niveles de estrÃ©s mediante la estimulaciÃ³n transcraneal con corriente directa. Integrar en un sistema los mÃ³dulos previamente descritos.,0.4912832975387573,
sentence-transformers 3,,1,claves,"estrÃ©s, EEG, tDCS.",0.5696658492088318,
sentence-transformers 3,,1,TOTAL,,1.95038104057312,
sentence-transformers 3,,2,Titulo,prototipo para la calibracion de reactivos en pruebas,0.6327880620956421,
sentence-transformers 3,,2,resumen,"En este trabajo terminal (TT) se desarrollarÃ¡ un prototipo para la generaciÃ³n de reactivos, el prototipo permitirÃ¡ al profesor generar las ecuaciones matemÃ¡ticas y posteriormente, exportarlos para hacer exÃ¡menes prueba",0.5922287702560425,
sentence-transformers 3,,2,objetivos,"Desarrollar un prototipo web que permita crear y calibrar reactivos para una validaciÃ³n adecuada, ademÃ¡s de generar estadÃ­sticas del rendimiento de los alumnos Objetivos especÃ­ficos Desarrollar una interfaz grÃ¡fica de usuario (Graphical User Interface, GUI por sus siglas en inglÃ©s) que les permita a los usuarios lo siguiente: Desarrollar el mÃ³dulo de gestiÃ³n de reactivos Desarrollar el mÃ³dulo de configuraciÃ³n de parÃ¡metros Desarrollar el mÃ³dulo de generaciÃ³n de exÃ¡menes Desarrollar el mÃ³dulo de generaciÃ³n de estadÃ­sticas",0.4938171207904815,
sentence-transformers 3,,2,claves,"Bases de datos, Academia de  De Software, OrientaciÃ³n AcadÃ©mica",0.2314145565032959,
sentence-transformers 3,,2,TOTAL,,1.95024847984314,
sentence-transformers 3,,3,Titulo,Sistema de alerta detector de ondas cerebrales relacionadas con el estrÃ©s y uso de neurofeedback y tÃ©cnica de anclaje,0.6057639718055725,
sentence-transformers 3,,3,resumen,Este trabajo terminal consiste en crear un sistema computacional que permita detectar ondas cerebrales correspondientes al estrÃ©s generado por pensamientos negativos y con ello alertar al usuario a que cambie su estado emocional haciendo uso de una tÃ©cnica de anclaje,0.4680891633033752,
sentence-transformers 3,,3,objetivos,"Implementar un sistema de alerta mediante la detecciÃ³n de ondas cerebrales, identificando el estrÃ©s con neurofeedback, para que el usuario aplique una tÃ©cnica de anclaje. Objetivos especÃ­ficos Generar una alerta que identifique pensamientos negativos para manejar el estrÃ©s. Modificar los pensamientos negativos en situaciones de estrÃ©s con una tÃ©cnica de anclaje para estimular a un cambio anÃ­mico positivo Desarrollar un mÃ³dulo en el sistema que consista en generar reporte de seguimiento para evaluar la situaciÃ³n de cada usuario.",0.4230893850326538,
sentence-transformers 3,,3,claves,"TÃ©cnica de anclaje, Neurofeedback, estrÃ©s, teorÃ­a de comunicaciones y seÃ±ales.",0.4513798952102661,
sentence-transformers 3,,3,TOTAL,,1.948322415351868,
sentence-transformers 3,,4,Titulo,Sistema prototipo de apoyo para el diagnostico y tratamiento de esquizofrenia utilizando ondas cerebrales,0.4736883640289306,
sentence-transformers 3,,4,resumen,"El sistema se comunicarÃ¡ con una diadema de ondas cerebrales (MUSE 2) que permitirÃ¡ medir las diferentes seÃ±ales (de ondas Beta, Gama, Alfa, Delta y Omega) de actividad cerebral, esto con el fin de encontrar patrones que permitan hacer una comparaciÃ³n de una persona esquizofrÃ©nica con una persona mentalmente estable Una de las principales funciones del sistema serÃ¡ contar con una serie de pruebas visuales o ejercicios para el paciente De esta forma dependiendo de sus respuestas y de la mediciÃ³n de las ondas cerebrales se generarÃ¡ un reporte para el mÃ©dico especialista",0.5154370665550232,
sentence-transformers 3,,4,objetivos,"General  Desarrollar un sistema el cual, mediante una serie de pruebas visuales y mediciÃ³n de onda cerebrales, servirÃ¡n como apoyo para el mÃ©dico en la realizaciÃ³n de un posible diagnÃ³stico o ayuda en el proceso de relajaciÃ³n de una persona con esquizofrenia. EspecÃ­ficos Retraimiento: Aislamiento del mundo que le rodea. DepresiÃ³n: Sentimientos de desesperanza, impotencia, tristeza. Desarrollar un sistema de pruebas visuales para la ayuda en el diagnÃ³stico o tratamiento de la esquizofrenia. Monitorear las ondas cerebrales que presenta el usuario durante el uso del sistema. Implementar el uso de una diadema de ondas cerebrales para la detecciÃ³n de posibles mediciones relevantes. Generar un reporte general y especÃ­fico de los resultados obtenidos por el paciente.",0.4860785007476806,
sentence-transformers 3,,4,claves,"Sistema de apoyo visual, esquizofrenia, estadÃ­sticas, psiquiatrÃ­a.",0.4646679162979126,
sentence-transformers 3,,4,TOTAL,,1.939871907234192,
sentence-transformers 3,,5,Titulo,Sistema de realidad virtual para el refurso de habilidades de coordinaciÃ³n Ã³culo motoras,0.5041113495826721,
sentence-transformers 3,,5,resumen,"Este trabajo tiene como propÃ³sito desarrollar un sistema de realidad virtual que implemente la prueba de Yerkes haciendo uso de un dispositivo Leap Motion para el estudio de su usabilidad utilizando criterios de interacciÃ³n humano-computadora en personas que padezcan deficiencias en sus habilidades Ã³culo-motoras, aportando asÃ­, un beneficio al Ã¡rea de eHealth",0.4400587677955627,
sentence-transformers 3,,5,objetivos,Objetivo general Desarrollar e implementar un sistema haciendo uso de la tecnologÃ­a Leap Motion para medir la usabilidad de la prueba de Yerkes en la asistencia a usuarios que requieran ejercitar sus destrezas Ã³culo-motoras. Objetivos especÃ­ficos Implementar la prueba de yerkes en un ambiente de realidad virtual Definir los gestos acciones y tareas del sistema que se deben de realizar a travÃ©s del Leap Motion Realizar pruebas de usabilidad del sistema en personas con problemas Ã³culo-motoras,0.5216085910797119,
sentence-transformers 3,,5,claves,"eHealth, InteracciÃ³n humano-computadora,prueba de Yerkes, realidad virtual.",0.4655157327651977,
sentence-transformers 3,,5,TOTAL,,1.9312944412231443,
sentence_similarity,prueba x de n,1,Titulo,Programa solucionador de ecuaciones diferenciales de segundo orden de coeficientes variables con restricciones a travÃ©s de la EcuaciÃ³n de Riccati,0.44355034828186035,
sentence_similarity,,1,resumen,"El  sistema  desarrollado  para  este  trabajo terminal tiene la finalidad de resolver  ecuaciones  diferenciales  de  segundo  orden  valiÃ©ndose  de  un  mÃ©todo  matemÃ¡tico  alternativo el cual fue implementado y puesto  a  prueba,  siendo  comparado  en  rendimiento  con otros sistemas de resoluciÃ³n de ecuaciones  son  Wolfram  diferenciales,  Mathematica  y  Matlab,  permitiendo  asÃ­  observar  su  eficacia  asÃ­  como  algunos  casos  particulares  donde  nuestro  programa  arrojÃ³  resultados donde los otros no    como   lo",0.4355960488319397,
sentence_similarity,,1,objetivos,"Desarrollar un mÃ©todo analÃ­tico alternativo al tradicional para resolver cierto tipo de Ecuaciones Diferenciales de Segundo Orden con Restricciones  AplicaciÃ³n del mÃ©todo con ejemplos ilustrativos (EcuaciÃ³n con Coeficientes Constantes y Cauchy-Euler).  Buscar alguna aplicaciÃ³n a algÃºn fenÃ³meno conocido como ejemplo ilustrativo Generar una familia de Ecuaciones Diferenciales con sus soluciones Crear un ambiente interactivo para el usuario Analizar el mÃ©todo desde el punto de vista computacional y matemÃ¡tico, para su posible extensiÃ³n",0.4200591444969177,
sentence_similarity,,1,claves,"EcuaciÃ³n de Riccati, ecuaciones diferenciales de segundo orden, soluciÃ³n alternativa.",0.4251357316970825,
sentence_similarity,,1,TOTAL,,1.7243412733078003,
sentence_similarity,,2,Titulo,ExploraciÃ³n de universos discretos complejos con autÃ³matas celulares en dos dimensiones,0.3315249979496002,
sentence_similarity,,2,resumen,"En este proyecto se diseÃ±arÃ¡ e implementarÃ¡ un simulador de autÃ³matas celulares en dos dimensiones con vecindades del tipo von Neumann y su proyecciÃ³n al espacio tridimensional, con la finalidad de realizar una exploraciÃ³n y clasificaciÃ³n de funciones que representan el comportamiento discreto complejo para identificarlas de forma mÃ¡s precisa mediante el uso de polinomios de probabilidad y el cÃ¡lculo de la entropÃ­a con base en la teorÃ­a de campo promedio Al tÃ©rmino, deberemos ofrecer un anÃ¡lisis amplio de un conjunto de funciones complejas, una clasificaciÃ³n inicial de los posibles comportamientos que emergen y finalmente presentaremos casos particulares de estudio",0.4655551314353943,
sentence_similarity,,2,objetivos,"Analizar y estudiar un conjunto de reglas a travÃ©s de polinomios que nos permitan obtener funciones complejas, los cuales serÃ¡n obtenidos mediante la aplicaciÃ³n de la teorÃ­a del campo promedio y el cÃ¡lculo de la entropÃ­a, explorando las caracterÃ­sticas de Ã©stas haciendo uso de un simulador de autÃ³matas celulares bidimensionales con vecindades del tipo von Neumann.",0.5211543440818787,
sentence_similarity,,2,claves,"Sistemas DinÃ¡micos Discretos, TeorÃ­a del Campo Promedio, Espacio Binario Bidimensional. AutÃ³matas Celulares.",0.32826781272888184,
sentence_similarity,,2,TOTAL,,1.6465022563934326,
sentence_similarity,,3,Titulo,"Laboratorio virtual multimedia para la resoluciÃ³n de ecuaciones
simultÃ¡neas basado en el modelo de componentes de software de
apoyo para profesores y estudiantes de segundo aÃ±o de secundaria.",0.40659648180007935,
sentence_similarity,,3,resumen,"â€  La presente propuesta se enfocarÃ¡ como una herramienta de apoyo para los profesores y estudiantes de segundo aÃ±o de secundaria, que es el nivel en donde se enseÃ±a por primera vez la resoluciÃ³n de ecuaciones simultÃ¡neas de primer grado La propuesta del laboratorio virtual ofrecerÃ¡ simulaciones matemÃ¡ticas multimedia interactivas y gratuitas, permitiendo ofrecer a los estudiantes experiencias mÃ¡s enriquecedoras en la enseÃ±anza de las ecuaciones simultÃ¡neas de primer grado, esto con la finalidad de mostrar las ecuaciones de manera grÃ¡fica e interactivas, apoyÃ¡ndolo en su comprensiÃ³n de la materia, utilizando cÃ³digo abierto",0.3567483723163605,
sentence_similarity,,3,objetivos,"General Desarrollar un laboratorio virtual basado en el modelo de componentes, que permita de manera visual resolver ecuaciones simultÃ¡neas de dos variables que cuente con soporte para utilizar contenido multimedia proporcionado por el profesor de apoyo, ademÃ¡s de tener la capacidad de elaborar ejercicios de manera dinÃ¡mica, como una herramienta de apoyo para estudiantes de segundo de secundaria, y profesores.  EspecÃ­ficos Investigar informaciÃ³n sobre tecnologÃ­as web basados en el modelo de componentes.    Desarrollar el mÃ³dulo del Front-end del laboratorio virtual basado en componentes de software.    Desarrollar el mÃ³dulo del Back-end del laboratorio virtual.    Desarrollar el mÃ³dulo de la base de datos.    Implementar la subida de archivos multimedia.    Implementar un mÃ©todo de Login",0.3376869559288025,
sentence_similarity,,3,claves,"Laboratorio virtual, MatemÃ¡ticas, Ecuaciones de primer grado",0.39788568019866943,
sentence_similarity,,3,TOTAL,,1.4989174604415894,
sentence_similarity,,4,Titulo,,0.36677086353302,
sentence_similarity,,4,resumen,,0.36677086353302,
sentence_similarity,,4,objetivos,,0.36677086353302,
sentence_similarity,,4,claves,,0.36677086353302,
sentence_similarity,,4,TOTAL,,1.46708345413208,
sentence_similarity,,5,Titulo,Simulador de operaciones lÃ³gicas desde un autÃ³mata celular con comportarmiento caÃ³tico a su proyecciÃ³n compleja,0.3310670852661133,
sentence_similarity,,5,resumen,"En el presente trabajo se implementarÃ¡ un simulador con la capacidad de controlar choques entre partÃ­culas y explorar las capacidades computacionales de un autÃ³mata celular con memoria Estos patrones serÃ¡n caracterizados desde un autÃ³mata celular elemental caÃ³tico en una dimensiÃ³n, enriquecido con memoria para explorar su comportamiento complejo Para llevar a cabo este simulador primero se analizarÃ¡n las propiedades del sistema caÃ³tico, para posteriormente componerlo con una funciÃ³n de memoria y el resultado serÃ¡ un sistema complejo con la capacidad de ambientar partÃ­culas en su espacio de evoluciones En este estado, el simulador deberÃ¡ controlar la codificaciÃ³n de partÃ­culas desde una mÃ¡quina de estados finitos y ofrecer alternativas para implementar algÃºn sistema equivalente manejando algunas compuertas lÃ³gicas",0.380873441696167,
sentence_similarity,,5,objetivos,"Implementar un simulador de operaciones lÃ³gicas basado en las ecuaciones que representan las partÃ­culas del autÃ³mata celular con memoria regla 126 para explorar las capacidades computacionales de dicha regla, empleando de 2 a 10 partÃ­culas en su espacio de evoluciones a travÃ©s de sus choques.",0.4749334454536438,
sentence_similarity,,5,claves,"AutÃ³matas celulares, TeorÃ­a de la ComputaciÃ³n, sistemas complejos, TeorÃ­a de choques.",0.2616541385650635,
sentence_similarity,,5,TOTAL,,1.4485280513763428,
sentence-transformers 1,prueba x de n,1,Titulo,,0.4305213689804077,
sentence-transformers 1,,1,resumen,,0.4305213689804077,
sentence-transformers 1,,1,objetivos,,0.4305213689804077,
sentence-transformers 1,,1,claves,,0.4305213689804077,
sentence-transformers 1,,1,TOTAL,,1.7220854759216309,
sentence-transformers 1,,2,Titulo,Sistema para la aplicaciÃ³n de la prueba proyectiva HTP en apoyo a psicÃ³logos,0.46772879362106323,
sentence-transformers 1,,2,resumen,"Se propone crear un sistema capaz de realizar un pre anÃ¡lisis de la prueba proyectiva Casa, Ãrbol y Persona (HTP por sus siglas en ingles) utilizando tÃ©cnicas de reconocimiento de patrones, anÃ¡lisis de imÃ¡genes y una base de datos de conocimiento que permitan definir rasgos objetivos de la personalidad del individuo analizando los trazos de dicha prueba Con el fin de entregar al psicÃ³logo un resultado preliminar con base en los parÃ¡metros de presiÃ³n, ubicaciÃ³n y direcciÃ³n de los trazos del paciente con lo cual pueda iniciar su diagnÃ³stico profesional, y a su vez tener un manejo digital del expediente psicolÃ³gico, para reducir el riesgo de daÃ±o accidental al material de la prueba, al igual el volumen fisico de los expedientes que actualmente se manejan en papel y aumentar la accesibilidad al expediente por parte del psicÃ³logo",0.32359737157821655,
sentence-transformers 1,,2,objetivos,"Objetivo DiseÃ±ar y desarrollar un sistema de apoyo a psicÃ³logos para la aplicaciÃ³n de la prueba proyectiva grÃ¡fica HTP buscando obtener rasgos de personalidad en pacientes, los cuales sirvan como base para que el profesional en el Ã¡rea de diagnÃ³stico, a su vez pueda administrar y generar expedientes digitales utilizando un dispositivo mÃ³vil.",0.3561013340950012,
sentence-transformers 1,,2,claves,"Desarrollo de Aplicaciones para Dispositivos MÃ³viles, reconocimiento de patrones, pruebas proyectivas grÃ¡ficas                                                                                                                                                                                                                                                                 HTP, Perfil psicolÃ³gico de personalidad.",0.3382221460342407,
sentence-transformers 1,,2,TOTAL,,1.4856497049331665,
sentence-transformers 1,,3,Titulo,Software pra la generaciÃ³n de una caja de sustituciÃ³n de AES con no linealidad de 108 usando el caos,0.4204264283180237,
sentence-transformers 1,,3,resumen,"El Trabajo Terminal realizado presenta una alternativa para la generaciÃ³n de cajas de sus- tituciÃ³n (S-Box, por su tÃ©rmino en inglÃ©s) con alta no linealidad, de hecho, superior a todas las cajas de sustituciÃ³n del algoritmo de cifrado DES  La generaciÃ³n del caos se realiza mediante la ecua- ciÃ³n logÃ­stica, debido a su comportamiento dinÃ¡mico y caÃ³tico, para generar un nÃºmero aleatorio con al menos 768 dÃ­gitos Posteriormente se aplica un algoritmo para generar una permutaciÃ³n que nos sirve de base para construir la caja de sustituciÃ³n  Aplicando el cÃ¡lculo de la no linealidad se filtran y obtienen aquellas cajas con un valor mayor a 96 Realizando corrimientos hacia la izquierda de la caja de sustituciÃ³n se busca una caja con no linealidad de 108, la cual nos da un porcentaje de no linealidad de 8437 %",0.35688021779060364,
sentence-transformers 1,,3,objetivos,Objetivo general Desarrollar un mÃ©todo alternativo para la generaciÃ³n de cajas de sustituciÃ³n con alta no linealidad usando el caos para ofrecer a los usuarios una alternativa a la caja de sustituciÃ³n del algoritmo AES establecido en la norma FIPS PUBS  Objetivos especÃ­ficos  Realizar un software para la generaciÃ³n de cajas de sustituciÃ³n.  Obtener una caja de sustituciÃ³n con no linealidad de   Comprobar mediante una aplicaciÃ³n el funcionamiento de AES con la caja de sustituciÃ³n previamente obtenida.,0.3181152939796448,
sentence-transformers 1,,3,claves,"AES, Chaos, Cryptography, Nonlinearity, S-Box.",0.31173616647720337,
sentence-transformers 1,,3,TOTAL,,1.4071581363677979,
sentence-transformers 1,,4,Titulo,GeneraciÃ³n de aleatoriedad para aplicaciones criptogrÃ¡ficas,0.4319864511489868,
sentence-transformers 1,,4,resumen,"La generaciÃ³n de nÃºmeros aleatorios para aplicaciones criptogrÃ¡ficas, requiere de la bÃºsqueda de mecanismos eficaces tanto en hardware como en software, pues los ya existentes emplean demasiados recursos y tiempo de tal forma que no son capaces de satisfacer la demanda de estos valores por las aplicaciones criptogrÃ¡ficas modernas Por ello, es de suma importancia buscar optimizaciones de los algoritmos diseÃ±ados para tal propÃ³sito en cuanto a calidad y eficiencia AsÃ­, el objetivo del presente trabajo es analizar, implementar y comparar aquellos cuya salida sean las sucesiones de nÃºmeros aleatorios que satisfagan los estÃ¡ndares definidos por el NIST",0.3122791051864624,
sentence-transformers 1,,4,objetivos,"Analizar e implementar mecanismos que permitan la generaciÃ³n de bits pseudoaleatorios para aplicaciones criptogrÃ¡ficas, que satisfagan los requerimientos especificados por los estÃ¡ndares, mediante la combinaciÃ³n de algoritmos de software y hardware. Objetivos especÃ­ficos Analizar los algoritmos generadores de aleatoriedad en hardware que satisfacen las pruebas de aleatoriedad establecidas por el NIST. Analizar los algoritmos generadores de aleatoriedad en software que satisfacen las pruebas de aleatoriedad establecidas por el NIST. Implementar algoritmos generadores de aleatoriedad para software y hardware. Verificar la eficiencia de los generadores de aleatoriedad de software y hardware tanto en tiempo como en calidad de los valores obtenidos. Comparar los resultados obtenidos en cuanto a calidad de los nÃºmeros aleatorios de salida, asÃ­ como de la eficiencia de cada uno de los generadores.",0.35225826501846313,
sentence-transformers 1,,4,claves,"CriptografÃ­a, pseudoaleatoriedad, entropÃ­a, hardware reconfigurable.",0.28943145275115967,
sentence-transformers 1,,4,TOTAL,,1.3859552145004272,
sentence-transformers 1,,5,Titulo,"Prototipo de aplicaciÃ³n mÃ³vil, que implementa realidad aumentada como una herramienta auxiliar en el aprendizaje de las matemÃ¡ticas, usando el aprendizaje basado en problemas como tÃ©cnica didÃ¡ctica",0.22249118983745575,
sentence-transformers 1,,5,resumen,"El presente documento contiene como propuesta de desarrollo una aplicaciÃ³n mÃ³vil (app) utilizando realidad aumentada (RA) como una herramienta de apoyo en la enseÃ±anza, considerando algunos temas de matemÃ¡ticas que presentan un Ã­ndice de reprobaciÃ³n alto para los jÃ³venes de entre 13 a 16 aÃ±os situados en el nivel bÃ¡sico superior (secundaria) segÃºn la prueba PLANEA [1] usando como metodologÃ­a el aprendizaje basado en problemas (ABP)",0.3447091579437256,
sentence-transformers 1,,5,objetivos,"Realizar una aplicaciÃ³n mÃ³vil que por medio de la realidad aumentada pueda ser utilizada para el apoyo en la prÃ¡ctica de algunos temas de matemÃ¡ticas de acuerdo a los planes de estudio avalados por la SEP descritos en la tabla  Se propone utilizar un modelo predictivo para analizar los resultados obtenidos de cada usuario, midiendo la mejora de los usuarios de la aplicaciÃ³n mediante la comparaciÃ³n de las calificaciones antes del uso de esta y posterior a ella.  Desarrollar los ejercicios para la aplicaciÃ³n. MÃ³dulo de login. MÃ³dulo de registro. MÃ³dulo de ejercicios. MÃ³dulo de consulta de progreso y resultados. Aplicar la tÃ©cnica pre-test y post-test para generar el banco de datos a analizar.  Usar el modelo de regresiÃ³n lineal para realizar una predicciÃ³n de las mejoras en las calificaciones que pueden tener los usuarios de la herramienta (app).",0.3571465015411377,
sentence-transformers 1,,5,claves,"Aplicaciones mÃ³viles, realidad aumentada, figuras geomÃ©tricas, teorema de pitÃ¡goras, operaciones con fracciones, modelo predictivo.",0.4586867094039917,
sentence-transformers 1,,5,TOTAL,,1.3830335140228271,
sentence-transformers 2,prueba x de n,1,Titulo,Prototipo generador de guiones de prueba,0.7039221525192261,
sentence-transformers 2,,1,resumen,"Se propone crear una herramienta capaz de generar el documento de guiones de prueba, los cuales sirven para verificar la funcionalidad definida por los casos de uso de un sistema, los que se les crearÃ¡ su propio plan de pruebas para que puedan ser ejecutados de manera automÃ¡tica y periÃ³dica con el fin de obtener estadÃ­sticas de los resultados de las pruebas ejecutadas El terminar y aplicar esta herramienta ayudarÃ¡ a identificar los errores en la etapa de pruebas de una manera mÃ¡s automatizada",0.5893353223800659,
sentence-transformers 2,,1,objetivos,"Objetivo general Continuar con la implementaciÃ³n del sistema PRISMA. Las adiciones que se le realizarÂ´an a dicho sistema consisten en generar los casos de prueba para cada caso de uso en un script para JMeter, la automatizaciÂ´on y creaciÂ´on de reportes de dichos scripts y el documento de guiones de prueba con el fin de minimizar el tiempo y coste de la etapa de pruebas funcionales durante el desarrollo de software. Objetivos especÃ­ficos Los objetivos especÂ´Ä±ficos establecidos para el trabajo son:  Desarrollar un mÂ´odulo capaz de generar un script para la trayectoria principal y alternativa del caso de uso.  Desarrollar un mÂ´odulo capaz de automatizar los scripts generados y crear un reporte de los resultados de los mismos.  Desarrollar un mÂ´odulo capaz de generar la documentaciÂ´on de los guiones de prueba con base en las trayectorias principales y alternativas de los casos de uso.",0.5424470901489258,
sentence-transformers 2,,1,claves,"Calidad de Software, Guion de prueba, IngenierÃ­a de pruebas, IngenierÃ­a de Software",0.5782088041305542,
sentence-transformers 2,,1,TOTAL,,2.4139132499694824,
sentence-transformers 2,,2,Titulo,Prototipo de sistema para calcular la plusvalÃ­a de un inmueble,0.6320620179176331,
sentence-transformers 2,,2,resumen,"Este documento presenta la propuesta de un prototipo enfocado a proporcionar una herramienta que ayude al usuario a conocer y calcular la plusvalÃ­a de un bien inmueble, asÃ­ como proporcionar informaciÃ³n de la zona del inmueble, con el fin de que el usuario escoja una opciÃ³n que se adapte a sus necesidades",0.6051626205444336,
sentence-transformers 2,,2,objetivos,"Objetivo Desarrollar un prototipo que brinde informaciÃ³n al usuario sobre la plusvalÃ­a de determinados  bienes raÃ­ces de manera comparativa, registrados por el usuario, mostrando vialidades y servicios  principales en la zona y asÃ­ ayudar a tomar la mejor decisiÃ³n de compra de un inmueble. Objetivos especÃ­ficos  Implementar un algoritmo para el reconocimiento e identificaciÃ³n de las principales  vialidades y servicios alrededor de una ubicaciÃ³n determinada.  Implementar una aplicaciÃ³n web que permita visualizar la ubicaciÃ³n del inmueble junto con  la plusvalÃ­a calculada.  Implementar una base de datos que permita almacenar y recuperar la informaciÃ³n de las  plusvalÃ­as previamente calculadas, asÃ­ como los posibles factores que permiten realizar el  cÃ¡lculo de dicha plusvalÃ­",0.5686101317405701,
sentence-transformers 2,,2,claves,"plusvalÃ­a, inmueble, herramienta de software",0.6028987765312195,
sentence-transformers 2,,2,TOTAL,,2.408733606338501,
sentence-transformers 2,,3,Titulo,"AplicaciÃ³n web para la detecciÃ³n de neumonÃ­a en niÃ±os de uno a cinco aÃ±os
mediante redes neuronales convolucionales en radiografÃ­as del tÃ³rax.",0.623531699180603,
sentence-transformers 2,,3,resumen,"Una de las principales causas de muerte en niÃ±os de uno a cinco aÃ±os es la neumonÃ­a Una de las formas mÃ¡s utilizadas para detectarla es inspeccionando visualmente la radiografÃ­a del tÃ³rax, sin embargo, este mÃ©todo se basa en la experiencia y buena observaciÃ³n del mÃ©dico tratante Para apoyar en el prediagnÃ³stico de esta enfermedad, se han desarrollado sistemas de software, aunque algunos de ellos requieren la instalaciÃ³n de herramientas para su ejecuciÃ³n y algunos otros ya son obsoletos Por lo tanto, el problema que se pretende abordar en este trabajo es la falta de tales herramientas de prediagnÃ³stico Para solucionarlo, se desarrollarÃ¡ una aplicaciÃ³n web que analice las radiografÃ­as de tÃ³rax, usando redes neuronales convolucionales, para identificar la presencia de neumonÃ­a y clasificarla en bacteriana o viral",0.611272394657135,
sentence-transformers 2,,3,objetivos,"Desarrollar una aplicaciÃ³n web que permita analizar imÃ¡genes de radiografÃ­as del tÃ³rax de niÃ±os de entre uno y cinco aÃ±os, haciendo uso de redes neuronales convolucionales, para determinar la presencia de neumonÃ­a bacteriana o viral o ninguna de las anteriores. Objetivos especÃ­ficos DiseÃ±o e implementaciÃ³n del mÃ³dulo de usuarios. DiseÃ±o e implementaciÃ³n del mÃ³dulo de anÃ¡lisis de imÃ¡genes. DiseÃ±o e implementaciÃ³n del mÃ³dulo de presentaciÃ³n de resultados.",0.5653043985366821,
sentence-transformers 2,,3,claves,"NeumonÃ­a, reconocimiento de patrones, redes neuronales convolucionales, aplicaciÃ³n web, ciencias de la computaciÃ³n, ingenierÃ­a de software.",0.5559559464454651,
sentence-transformers 2,,3,TOTAL,,2.356064558029175,
sentence-transformers 2,,4,Titulo,AplicaciÃ³n mÃ³vil para generar un plan de nutriciÃ³n con base en la dieta flexible,0.6114166975021362,
sentence-transformers 2,,4,resumen,"Debido a la creciente obesidad se realizara una aplicaciÃ³n mÃ³vil la cual generara dietas en base a un dÃ­a planeado, usando como base la dieta flexible la cual bÃ¡sicamente es calcular la cantidad de alimento a travÃ©s del requerimiento calÃ³rico (calorÃ­as a consumir) diario basÃ¡ndose en caracterÃ­sticas del usuario como su peso, estatura e Ã­ndice de grasa corporal ademÃ¡s de la actividad fisica diaria que realice",0.555819571018219,
sentence-transformers 2,,4,objetivos,"Objetivo general Se realizara una aplicaciÃ³n basada en un dÃ­a planeado de alguna persona, que generara una plan de nutriciÃ³n diario (dieta), colocando en un 30% de alimentos de su preferencia y el otro 70% serÃ¡ generado por la aplicaciÃ³n, este parÃ¡metro estarÃ¡ basado en la dieta flexible y a travÃ©s del conteo de calorÃ­as, con opciÃ³n de subir o bajar de peso segÃºn sea el caso. Objetivos particulares Implementar un sistema el cual debe ser capaz de recibir datos personales para el cÃ¡lculo de calorÃ­as diarias El sistema debe de contar con un apartado para poder ingresar los alimentos de su preferencia usando como lÃ­mite solo 30% de la dieta y el otro 70% serÃ¡ generado en base de estos alimentos Se debe contar con un repositorio del cual debe de tener una variedad de alimentos tanto saludables como no saludables El sistema serÃ¡ una aplicaciÃ³n mÃ³vil, la cual serÃ¡ implementada en la plataforma de Android ya que es una de las mÃ¡s utilizadas para los dispositivos mÃ³viles, ademÃ¡s de que su uso es libre por lo cual no pagaremos alguna licencia para lograr desarrollar el software",0.5046608448028564,
sentence-transformers 2,,4,claves,"NutriciÃ³n, salud, algoritmo evolutivo, aplicaciÃ³n mÃ³vil",0.6483925580978394,
sentence-transformers 2,,4,TOTAL,,2.3202896118164062,
sentence-transformers 2,,5,Titulo,Sistema embebido para el registro de prueba de pases a la pared en baloncesto,0.6130561828613281,
sentence-transformers 2,,5,resumen,"Con la intenciÃ³n de ayudar en la automatizaciÃ³n y control de errores en las pruebas fÃ­sicas y de habilidad realizadas a las jugadoras de la selecciÃ³n femenil de baloncesto del  Instituto PolitÃ©cnico Nacional (IPN), el presente proyecto busca diseÃ±ar e implementar un sistema embebido que permitirÃ¡ el monitoreo y  registro de los resultados obtenidos por cada jugadora en una de las pruebas realizadas por el  IPN en su selectivo, facilitando asÃ­ al entrenador la aplicaciÃ³n de dicha prueba",0.5952674150466919,
sentence-transformers 2,,5,objetivos,"Objetivo General Desarrollar un prototipo de sistema embebido que permitirÃ¡ registrar los resultados obtenidos por las  jugadoras al realizar la prueba de pases a la pared, mostrando el total de pases y aciertos logrados con ayuda  de una aplicaciÃ³n de escritorio, conectada inalÃ¡mbricamente al sistema embebido. Objetivos especÃ­ficos Implementar un sistema embebido que permita la interacciÃ³n entre el sensor, el dispositivo  programable y el mÃ³dulo de comunicaciÃ³n.  Configurar y utilizar un mÃ³dulo de comunicaciÃ³n inalÃ¡mbrica para enviar los datos recabados desde el  sistema embebido al ordenador.  DiseÃ±ar y desarrollar una base de datos para almacenar la informaciÃ³n personal y los resultados  obtenidos por las jugadoras.  DiseÃ±ar y desarrollar una aplicaciÃ³n de escritorio capaz de registrar y mostrar la informaciÃ³n personal  de las jugadoras, asÃ­ como los resultados obtenidos en la prueba",0.559256911277771,
sentence-transformers 2,,5,claves,"Sistema embebido, microcontrolador, programaciÃ³n.",0.5268435478210449,
sentence-transformers 2,,5,TOTAL,,2.294424057006836,
sentence-transformers 3,prueba x de n,1,Titulo,DetecciÃ³n e identificaciÃ³n de anomalÃ­as en glÃ³bulos rojos asociadas a la anemia ferropÃ©nica utilizando anÃ¡lisis de imÃ¡genes y recnocimiento de patrones.,0.6858513355255127,
sentence-transformers 3,,1,resumen,"En la actualidad el anÃ¡lisis de frotis sanguÃ­neos para la identificaciÃ³n de hematopatologÃ­as es laboriosa, extenuante y presenta variaciones en los resultados, derivados de la apreciaciÃ³n de la morfologÃ­a y del conteo por campos de los glÃ³bulos rojos Para evitar lo anterior se propone el desarrollo de un sistema analizador de imÃ¡genes que realice las funciones anteriormente mencionadas para detectar caracterÃ­sticas de anemia ferropÃ©nica, permitiendo ahorrar tiempo de trabajo en la realizaciÃ³n de este estudio",0.5632752180099487,
sentence-transformers 3,,1,objetivos,"Detectar e identificar las anomalÃ­as presentes en los glÃ³bulos rojos denominadas: hipocromÃ­a, microcitos y codocitos, basÃ¡ndose en el anÃ¡lisis morfolÃ³gico de estos, usando tÃ©cnicas de anÃ¡lisis de imÃ¡genes y reconocimiento de patrones, a partir de la imagen digital de los frotis sanguÃ­neos.",0.583840012550354,
sentence-transformers 3,,1,claves,"AnÃ¡lisis de imÃ¡genes, anemia, hematopatologÃ­as, reconocimiento de patrones.",0.6212611198425293,
sentence-transformers 3,,1,TOTAL,,2.4542276859283447,
sentence-transformers 3,,2,Titulo,Sistema asistente para el estudio cuantitativo de los sedimentos en la orina,0.6553565859794617,
sentence-transformers 3,,2,resumen,"Este trabajo tiene como objetivo desarrollar una aplicaciÃ³n que analice una imagen de una muestra de orina tomada a travÃ©s un microscopio digital El sistema cuantificarÃ¡ cÃ©lulas sanguÃ­neas(eritrocitos y leucocitos) presentes en la orina, esto con la finalidad de apoyar al quimico farmacobiÃ³logo en la realizaciÃ³n de un examen general de orina, especÃ­ficamente en la parte del estudio cuantitativo de la orina",0.6189353466033936,
sentence-transformers 3,,2,objetivos,"Objetivo general  El objetivo es desarrollar un sistema que analice imÃ¡genes de una muestra de orina que pueda  asistir al especialista en quÃ­mico farmacobiÃ³logo en la realizaciÃ³n del conteo de eritrocitos y  leucocitos, especÃ­ficamente en el anÃ¡lisis de microscopio, para el estudio cuantitativo de la orina  centrifugada.  Objetivos particulares   Aplicar preprocesamiento a la imagen: para poder realizar correctamente la  segmentaciÃ³n, asÃ­ como la extracciÃ³n de caracterÃ­sticas y clasificaciÃ³n, es necesario  preprocesar las imÃ¡genes, para la adecuada extracciÃ³n de los objetos presentes en esta,  entendiendo como â€œpreprocesarâ€ la aplicaciÃ³n de distintos filtros y morfologÃ­a  matemÃ¡tica.   Aplicar algoritmos de segmentaciÃ³n: con la finalidad de separar los objetos a clasificar  del fondo en la imagen, se realizarÃ¡n pruebas con distintos algoritmos de segmentaciÃ³n  (.. Otsu, Kettler e Illingworth, Kirsch, Canny, etcÃ©tera).   Extraer las caracterÃ­sticas: para poder realizar la posterior clasificaciÃ³n de los objetos  relevantes para nuestro proyecto, es necesario realizar la identificaciÃ³n de las  caracterÃ­sticas de estos; para ello se llevarÃ¡ a cabo la aplicaciÃ³n de distintas mÃ¡scaras.   Clasificar: las caracterÃ­sticas obtenidas en el paso anterior, estÃ¡s serÃ¡n procesadas por un  clasificador el cual tendrÃ¡ como salida el objeto clasificado.   Implementar mÃ³dulo para la generaciÃ³n de reportes: una vez clasificados los objetos, se  realiza el conteo de estos en un mÃ³dulo que tendrÃ¡ como salida un reporte con la  informaciÃ³n.",0.5274175405502319,
sentence-transformers 3,,2,claves,"AnÃ¡lisis de imÃ¡genes, Estudio cuantitativo de sedimentos urinarios, Academia de ciencias de la",0.5655603408813477,
sentence-transformers 3,,2,TOTAL,,2.367269992828369,
sentence-transformers 3,,3,Titulo,AplicaciÃ³n mÃ³vil para bioequivalencia y biodisponibilidad,0.5379137396812439,
sentence-transformers 3,,3,resumen,"El  trabajo  terminal  presentado  consiste  en  el  desarrollo  de  una  aplicaciÃ³n  mÃ³vil  que  permita  determinar  la  biodisponibilidad de dos fÃ¡rmacos, asÃ­ como la bioequivalencia  que existe entre ellos, tomando un fÃ¡rmaco de prueba y uno de  referencia, esto se llevarÃ¡ acabo utilizando la regla del trapecio  para calcular el Ã¡rea bajo la curva de cada formulaciÃ³n",0.5318508744239807,
sentence-transformers 3,,3,objetivos,Objetivo Construir una aplicaciÃ³n mÃ³vil para calcular la biodisponibilidad entre dos fÃ¡rmacos y  determinar si son bioequivalentes entre sÃ­ mediante la regla del trapecio para obtener y comparar  el Ã¡rea bajo la curva de ambos fÃ¡rmacos.,0.5481829643249512,
sentence-transformers 3,,3,claves,"Ãrea bajo la curva y regresiÃ³n lineal AplicaciÃ³n mÃ³vil, Biofarmacia",0.6285755634307861,
sentence-transformers 3,,3,TOTAL,,2.246523141860962,
sentence-transformers 3,,4,Titulo,Simulador del comportamiento de un tumor cancerÃ­geno con AutÃ³matas celulares,0.5272641181945801,
sentence-transformers 3,,4,resumen,El propÃ³sito del presente Trabajo Terminal es desarrollar e implementar un modelo eficiente que permita investigar la dinÃ¡mica de crecimiento y la morfologÃ­a de los tumores sÃ³lidos invasivos en un micro-ambiente heterogÃ©neo mediante AutÃ³matas Celulares (AC) Los resultados de las simulaciones podrÃ­an ser utilizados en situaciones clÃ­nicas para predecir la progresiÃ³n neoplÃ¡sica y proponer una estrategia de tratamiento personalizada,0.5674910545349121,
sentence-transformers 3,,4,objetivos,"DiseÃ±ar e implementar un modelo de autÃ³mata celular que permita simular de manera eficiente el crecimiento de un tumor invasivo en un micro-ambiente heterogÃ©neo. EspecÃ­ficos Analizar los AC. Estudiar la relaciÃ³n entre los AC y la dinÃ¡mica de crecimiento de las ramificaciones dendrÃ­ticas de un tumor invasivo. Modelar la relaciÃ³n entre las cÃ©lulas tumorales, el micro-ambiente y el estroma tumoral. Implementar el modelo obtenido. Validar los resultados obtenidos mediante el AC comparÃ¡ndolos con los resultados experimentales.",0.581622838973999,
sentence-transformers 3,,4,claves,"autÃ³mata celular, microambiente, simulaciÃ³n, tumor invasivo",0.5468951463699341,
sentence-transformers 3,,4,TOTAL,,2.223273277282715,
sentence-transformers 3,,5,Titulo,"Prototipo clasificador de seÃ±ales espectrales de ratones mediante
procesamiento digital de imÃ¡genes",0.600529670715332,
sentence-transformers 3,,5,resumen,"En el estudio de enfermedades neurodegenerativas es necesario abarcar suficiente informaciÃ³n para generar un diagnÃ³stico certero Un modelo murino es el â€œuso de cepas especiales de ratones para estudiar una enfermedad o afecciÃ³n humana, y la manera de prevenirla y tratarlaâ€ [1] Mediante seÃ±ales espectrales tomadas a travÃ©s de Espectroscopia Raman a un conjunto de ratones se pueden encontrar variaciones entre las muestras de varias regiones del cerebro, las cuales tienen una aplicaciÃ³n potencial en el anÃ¡lisis de estas enfermedades El objetivo de esta propuesta de trabajo terminal es el desarrollo de un prototipo para clasificar estas seÃ±ales y asÃ­ ayudar al investigador a emitir un mejor diagnÃ³stico Para lograr dicho modelo se utilizarÃ¡ procesamiento digital de imÃ¡genes y tÃ©cnicas de inteligencia artificial",0.5106773972511292,
sentence-transformers 3,,5,objetivos,"Implementar un prototipo que, a travÃ©s de procesamiento digital de imÃ¡genes y tÃ©cnicas de inteligencia artificial, clasifique seÃ±ales espectrales de regiones cerebrales en ratones para ayudar al investigador en temas de salud humana a emitir un mejor diagnÃ³stico. Objetivos especÃ­ficos Conformar la base del conocimiento mediante un conjunto de imÃ¡genes espectrales de regiones cerebrales de ratones. Procesamiento de imÃ¡genes para clasificar dicha base del conocimiento. Determinar las caracterÃ­sticas mÃ¡s discriminantes para poder clasificar a las diferentes seÃ±ales espectrales. Entrenar la base del conocimiento usando tÃ©cnicas de RecuperaciÃ³n de SeÃ±ales Espectrales desde una base de datos    DiseÃ±ar el mÃ³dulo de prueba mediante imÃ¡genes de consulta y asÃ­ poder ayudar al investigador a emitir un dictamen mÃ¡s certero en cuestiones de salud",0.5348215103149414,
sentence-transformers 3,,5,claves,"Procesamiento digital de imÃ¡genes, clasificador de patrones, seÃ±ales espectrales, enfermedades neurodegenerativas",0.4847733974456787,
sentence-transformers 3,,5,TOTAL,,2.1308019161224365,
